rede,glay,gene,degree,weighted_degree,hub_status,mean_log_expression,variance_log_expression,annotation_status,Entry,Entry Name,Reviewed,Protein names,Gene Names,Gene Ontology (biological process),Gene Ontology (molecular function),Gene Ontology (cellular component),Function [CC],InterPro,Pfam,tema_funcional
negativa,1,Smp_328620.2,13,12.824530710147693,hub,0.5842319674132046,0.8670852944364337,found,A0A5K4F9A4,A0A5K4F9A4_SCHMA,unreviewed,Ovule protein,,,,,,,,outro_indefinido
negativa,1,Smp_155320.1,11,10.866326524420783,non_hub,3.681487834230805,1.5273445006080475,found,A0A3Q0KQI4,A0A3Q0KQI4_SCHMA,unreviewed,Tetraspanin,,,,membrane [GO:0016020],,IPR018499;IPR008952;,PF00335;,membrana_superficie
negativa,1,Smp_141010.2,11,10.839018134126746,non_hub,0.6291734173777038,0.9198859297331836,found,A0A5K4EP41,A0A5K4EP41_SCHMA,unreviewed,Fer-1-related,,plasma membrane organization [GO:0007009],metal ion binding [GO:0046872],cytoplasmic vesicle membrane [GO:0030659]; plasma membrane [GO:0005886],,IPR000008;IPR035892;IPR037720;IPR037722;IPR037723;IPR037724;IPR037725;IPR012968;IPR037721;IPR012560;IPR012561;IPR032362;IPR055072;IPR006614;,PF00168;PF22901;PF08165;PF08150;PF08151;PF16165;,membrana_superficie
negativa,1,Smp_310980.1,9,8.847410179780516,non_hub,0.625338478650778,1.0796695612535836,found,A0A5K4F4X7,A0A5K4F4X7_SCHMA,unreviewed,SANT domain-containing protein,,chromatin remodeling [GO:0006338]; regulation of transcription by RNA polymerase II [GO:0006357],chromatin binding [GO:0003682]; transcription coactivator activity [GO:0003713]; zinc ion binding [GO:0008270],nucleus [GO:0005634]; SAGA-type complex [GO:0070461],,IPR009057;IPR017930;IPR001005;IPR017884;IPR055141;IPR000433;,PF00249;PF22941;PF25299;,regulacao_genica
negativa,1,Smp_058140.1,7,6.901290101420205,non_hub,1.9436637982742435,0.8163579672114246,found,G4VK44,G4VK44_SCHMA,unreviewed,Protein-L-isoaspartate O-methyltransferase (EC 2.1.1.77),,methylation [GO:0032259],protein-L-isoaspartate (D-aspartate) O-methyltransferase activity [GO:0004719],cytoplasm [GO:0005737],,IPR000682;IPR029063;,PF01135;,outro_indefinido
negativa,2,Smp_245600.2,7,6.904659074374904,non_hub,0.4920882457650788,0.7531085605748866,found,A0A5K4F0U2,A0A5K4F0U2_SCHMA,unreviewed,Anion exchange protein,,bicarbonate transport [GO:0015701]; monoatomic ion homeostasis [GO:0050801],monoatomic anion transmembrane transporter activity [GO:0008509]; solute:inorganic anion antiporter activity [GO:0005452],plasma membrane [GO:0005886],,IPR013769;IPR011531;IPR003020;IPR016152;,PF07565;PF00955;,membrana_superficie
negativa,2,Smp_319970.1,6,5.932237215021086,non_hub,0.9060917039888262,1.7159974942354193,found,A0A5K4F8N9,A0A5K4F8N9_SCHMA,unreviewed,EF-hand domain-containing protein,,microtubule-based process [GO:0007017],calcium ion binding [GO:0005509],dynein complex [GO:0030286],,IPR037177;IPR001372;IPR011992;IPR002048;,PF01221;,outro_indefinido
negativa,2,Smp_337670.1,5,4.923871446024995,non_hub,4.11728748524554,0.7864568288322928,found,A0A5K4FDQ6,A0A5K4FDQ6_SCHMA,unreviewed,A2M domain-containing protein,,,,,,,,outro_indefinido
negativa,2,Smp_007630.2,4,3.955241981293984,non_hub,4.458716659756698,0.8886756887120563,found,G4VPZ4,G4VPZ4_SCHMA,unreviewed,Putative polyadenylate binding protein,,,poly(A) binding [GO:0008143],nucleus [GO:0005634],,IPR012677;IPR035979;IPR000504;,PF00076;,outro_indefinido
negativa,2,Smp_316860.1,3,2.943890976322562,non_hub,2.258066134401191,2.4299593353013806,found,A0A5K4F8N9,A0A5K4F8N9_SCHMA,unreviewed,EF-hand domain-containing protein,,microtubule-based process [GO:0007017],calcium ion binding [GO:0005509],dynein complex [GO:0030286],,IPR037177;IPR001372;IPR011992;IPR002048;,PF01221;,outro_indefinido
negativa,3,Smp_048050.2,4,3.977972966257089,non_hub,4.249641857086605,0.882922223888415,found,A0A3Q0KFJ4,A0A3Q0KFJ4_SCHMA,unreviewed,Putative alpha crystallin A chain; Putative heat shock protein hsp16,,protein refolding [GO:0042026]; response to heat [GO:0009408],unfolded protein binding [GO:0051082],cytoplasm [GO:0005737]; nucleus [GO:0005634],,IPR002068;IPR001436;IPR008978;,PF00011;,outro_indefinido
negativa,3,Smp_246970.1,1,0.998020193754394,non_hub,1.1660931370407357,1.171415910048901,found,A0A5K4F2C3,A0A5K4F2C3_SCHMA,unreviewed,Uncharacterized protein,,Rho protein signal transduction [GO:0007266],guanyl-nucleotide exchange factor activity [GO:0005085],,,IPR035899;IPR000219;IPR011993;IPR001849;IPR040181;,PF16652;PF00621;,nao_caracterizado
negativa,3,Smp_181080.2,1,0.9976853417866404,non_hub,1.0838439075021082,1.0631142855447109,found,A0A5K4EYF6,A0A5K4EYF6_SCHMA,unreviewed,Shb-like protein,,,phosphotyrosine residue binding [GO:0001784],,,IPR000980;IPR036860;IPR051846;,PF00017;,outro_indefinido
negativa,3,Smp_129410.1,1,0.9893598611019976,non_hub,1.3320907257998094,0.8399148330688444,found,A0A5K4ELF1,A0A5K4ELF1_SCHMA,unreviewed,Uncharacterized protein,,,,,,,,nao_caracterizado
negativa,4,Smp_335670.1,3,2.944957585649899,non_hub,2.486187100012594,0.8402590963931175,found,A0A5K4FAU7,A0A5K4FAU7_SCHMA,unreviewed,Kinesin motor domain-containing protein,,microtubule-based movement [GO:0007018],ATP binding [GO:0005524]; microtubule binding [GO:0008017]; microtubule motor activity [GO:0003777],,,IPR001752;IPR036961;IPR027417;,,mitocondria_energia
negativa,4,Smp_049230.1,2,1.9892061507676568,non_hub,4.471180102995437,1.39684439764177,found,A0A3Q0KFJ4,A0A3Q0KFJ4_SCHMA,unreviewed,Putative alpha crystallin A chain; Putative heat shock protein hsp16,,protein refolding [GO:0042026]; response to heat [GO:0009408],unfolded protein binding [GO:0051082],cytoplasm [GO:0005737]; nucleus [GO:0005634],,IPR002068;IPR001436;IPR008978;,PF00011;,outro_indefinido
negativa,4,Smp_348240.1,2,1.9854972820977488,non_hub,0.9747664064606252,0.842112522309925,found,A0A913KWJ7,A0A913KWJ7_SCHMA,unreviewed,Uncharacterized protein,,,,,,,,nao_caracterizado
negativa,4,Smp_343170.2,2,1.9665605795033507,non_hub,2.615798054725333,1.8236356164025889,found,A0A5K4FB85,A0A5K4FB85_SCHMA,unreviewed,L-serine ammonia-lyase (EC 4.3.1.17) (L-serine deaminase) (L-threonine dehydratase),,isoleucine biosynthetic process [GO:0009097]; L-serine catabolic process [GO:0006565]; L-threonine catabolic process [GO:0006567],L-serine ammonia-lyase activity [GO:0003941]; pyridoxal phosphate binding [GO:0030170]; threonine deaminase activity [GO:0004794],,,IPR044561;IPR050147;IPR000634;IPR001926;IPR036052;,PF00291;,outro_indefinido
negativa,4,Smp_335110.1,1,0.97468813747664,non_hub,3.069432400025124,0.9676145846356652,found,G4LZG1,G4LZG1_SCHMA,unreviewed,"Short chain dehydrogenase,putative",,,oxidoreductase activity [GO:0016491],,,IPR036291;IPR002347;,PF00106;,outro_indefinido
negativa,5,Smp_302310.2,28,27.67987856436857,hub,2.038421776349284,0.8404553233455235,found,A0A5K4F1S1,A0A5K4F1S1_SCHMA,unreviewed,EGF-like domain-containing protein,,,,,,IPR000742;IPR000884;IPR036383;,PF00090;,outro_indefinido
negativa,5,Smp_017710.1,28,27.618825593062176,hub,2.267657350028229,1.6791758883744086,found,A0A3Q0KCU2,A0A3Q0KCU2_SCHMA,unreviewed,Putative rab,,endocytic recycling [GO:0032456]; regulation of cytokinesis [GO:0032465],calcium ion binding [GO:0005509],cleavage furrow [GO:0032154]; endocytic vesicle [GO:0030139]; midbody [GO:0030496]; recycling endosome membrane [GO:0055038],,IPR011992;IPR002048;IPR037245;IPR019018;IPR057316;IPR051977;,PF13499;PF25450;PF09457;,outro_indefinido
negativa,5,Smp_122790.2,26,25.657327727429703,hub,2.059921082965108,1.4722776704329477,found,A0A3Q0KKF0,A0A3Q0KKF0_SCHMA,unreviewed,Expressed conserved protein,,,,,,,,outro_indefinido
negativa,5,Smp_347540.2,25,24.67645845557082,hub,0.4904564920166311,0.7197940299901896,found,A0A5K4FC65,A0A5K4FC65_SCHMA,unreviewed,Glycosyltransferase-like protein LARGE1,,protein O-linked glycosylation via mannose [GO:0035269],glucuronosyltransferase activity [GO:0015020]; xylosyltransferase activity [GO:0042285],Golgi membrane [GO:0000139],,IPR002495;IPR029044;IPR051292;,PF01501;,outro_indefinido
negativa,5,Smp_335380.1,24,23.69175704199705,hub,1.1474090943394777,1.101146027239278,found,A0A5K4FBL4,A0A5K4FBL4_SCHMA,unreviewed,Uncharacterized protein,,,,,,,,nao_caracterizado
negativa,5,Smp_055870.2,16,15.812377698359237,hub,3.9450848553732456,0.7363535602432628,found,Q26586,Q26586_SCHMA,unreviewed,Vesicle-associated membrane protein 7 (Synaptobrevin-like protein 1),IMP25,protein transport [GO:0015031]; vesicle-mediated transport [GO:0016192],,endoplasmic reticulum membrane [GO:0005789]; Golgi apparatus [GO:0005794]; late endosome membrane [GO:0031902]; lysosomal membrane [GO:0005765]; phagocytic vesicle membrane [GO:0030670]; transport vesicle membrane [GO:0030658],,IPR010908;IPR001388;IPR051097;IPR042855;,PF00957;,membrana_superficie
negativa,5,Smp_323420.1,14,13.749332683191543,hub,0.9846581527434723,0.8463064646098232,found,A0A5K4F5K4,A0A5K4F5K4_SCHMA,unreviewed,Ovule protein,,,,,,,,outro_indefinido
negativa,5,Smp_203090.1,13,12.791972831566856,hub,0.6437219845810968,0.7213707312237806,found,A0A3Q0KUW0,A0A3Q0KUW0_SCHMA,unreviewed,Smp_203090,,,,,,,,outro_indefinido
negativa,5,Smp_312620.1,12,11.764621805174867,non_hub,1.1056956593752405,1.1973285962383942,found,A0A5K4F5P2,A0A5K4F5P2_SCHMA,unreviewed,Uncharacterized protein,,,,membrane [GO:0016020],,IPR004254;,PF03006;,nao_caracterizado
negativa,5,Smp_317510.1,9,8.889152496067693,non_hub,0.8528302134993394,1.1608769146668394,found,A0A5K4F6P8,A0A5K4F6P8_SCHMA,unreviewed,UPF0506 domain-containing protein,,,,extracellular region [GO:0005576],,IPR021712;,PF11703;,outro_indefinido
negativa,6,Smp_060620.1,26,25.628526291963503,hub,0.8828747632236191,1.5550939993732475,found,A0A3Q0KGL8,A0A3Q0KGL8_SCHMA,unreviewed,5'-nucleotidase (EC 3.1.3.5),,nucleotide metabolic process [GO:0009117],5'-nucleotidase activity [GO:0008253]; magnesium ion binding [GO:0000287]; nucleotide binding [GO:0000166],cytoplasm [GO:0005737],,IPR036412;IPR023214;IPR006434;,PF05822;,outro_indefinido
negativa,6,Smp_327370.1,17,16.754165300745886,hub,1.1514008822226718,1.6431234655380222,found,A0A5K4F8G0,A0A5K4F8G0_SCHMA,unreviewed,Uncharacterized protein,,,,,,,,nao_caracterizado
negativa,6,Smp_032670.1,17,16.749865440724687,hub,0.9264215728151068,1.0236258168139434,found,A0A3Q0KE60,A0A3Q0KE60_SCHMA,unreviewed,Egg protein C122-like,,,,,,,,outro_indefinido
negativa,6,Smp_082410.1,16,15.747204275950338,hub,1.1362429633033138,0.923066820000324,found,G4VGH8,G4VGH8_SCHMA,unreviewed,Syntaxin,,,,,,,,outro_indefinido
negativa,6,Smp_318100.1,14,13.744316811149975,hub,1.236062621337813,1.652249780782952,found,A0A5K4F6C0,A0A5K4F6C0_SCHMA,unreviewed,Peptidase S1 domain-containing protein,,proteolysis [GO:0006508],serine-type endopeptidase activity [GO:0004252],,,IPR009003;IPR043504;IPR001254;,PF00089;,proteolise
negativa,6,Smp_340300.2,12,11.847795246789836,non_hub,3.872901243591243,0.7457801086254747,found,A0A5K4FBQ1,A0A5K4FBQ1_SCHMA,unreviewed,Ribosomal protein S6 kinase (EC 2.7.11.1),,intracellular signal transduction [GO:0035556],ATP binding [GO:0005524]; magnesium ion binding [GO:0000287]; protein serine kinase activity [GO:0106310]; protein serine/threonine kinase activity [GO:0004674],,,IPR000961;IPR011009;IPR017892;IPR000719;IPR017441;IPR016239;IPR041906;IPR008271;,PF00069;PF00433;,mitocondria_energia
negativa,6,Smp_019690.2,12,11.80569048972908,non_hub,3.838091938380644,1.0998488214958655,found,C4Q2F6,C4Q2F6_SCHMA,unreviewed,Splicing factor U2AF subunit (U2 snRNP auxiliary factor large subunit),,mRNA processing [GO:0006397]; RNA splicing [GO:0008380],RNA binding [GO:0003723],nucleus [GO:0005634],FUNCTION: Necessary for the splicing of pre-mRNA. {ECO:0000256|RuleBase:RU364135}.,IPR012677;IPR035979;IPR000504;IPR006529;,PF00076;,outro_indefinido
negativa,6,Smp_043500.2,12,11.805267652299866,non_hub,2.1344931955961344,1.0161764417515895,found,A0A3Q0KF39,A0A3Q0KF39_SCHMA,unreviewed,RNase_Zc3h12a domain-containing protein,,,mRNA binding [GO:0003729]; RNA endonuclease activity [GO:0004521],cytoplasmic ribonucleoprotein granule [GO:0036464]; nucleus [GO:0005634],,IPR021869;IPR051101;,PF11977;,outro_indefinido
negativa,6,Smp_150000.1,12,11.803349052555538,non_hub,2.266412663085166,0.7081549867137146,found,G4VI25,G4VI25_SCHMA,unreviewed,Gag protein,,,,,,IPR055469;,PF23055;,outro_indefinido
negativa,6,Smp_326770.2,12,11.792630712513333,non_hub,1.7320870401460629,2.791809824690332,found,A0A5K4F8U3,A0A5K4F8U3_SCHMA,unreviewed,Uncharacterized protein,,,,,,,,nao_caracterizado
negativa,6,Smp_000790.1,11,10.853101961475971,non_hub,3.328211281191916,0.834356990384452,found,A0A3Q0KBE1,A0A3Q0KBE1_SCHMA,unreviewed,Actin binding LIM protein family member 2-related,,cytoskeleton organization [GO:0007010]; lamellipodium assembly [GO:0030032],actin filament binding [GO:0051015]; metal ion binding [GO:0046872],actin cytoskeleton [GO:0015629],,IPR051618;IPR003128;IPR036886;IPR001781;,PF00412;PF02209;,outro_indefinido
negativa,6,Smp_200460.1,11,10.844664788110384,non_hub,2.209280837912451,0.7290257663192442,found,A0A3Q0KV49,A0A3Q0KV49_SCHMA,unreviewed,SCP domain-containing protein,,,,,,IPR014044;IPR035940;IPR001283;IPR034113;,PF00188;,outro_indefinido
negativa,6,Smp_156910.2,11,10.807566831236857,non_hub,2.853544183779615,3.808321310038137,found,A0A3Q0KQZ8,A0A3Q0KQZ8_SCHMA,unreviewed,DH domain-containing protein,,,,,,,,outro_indefinido
negativa,6,Smp_348790.2,10,9.887770498929877,non_hub,2.07149804908858,2.416731476393506,found,A0AA82N7Q5,A0AA82N7Q5_SCHMA,unreviewed,Splicing factor U2AF subunit (U2 snRNP auxiliary factor large subunit),,mRNA processing [GO:0006397]; RNA splicing [GO:0008380],RNA binding [GO:0003723],nucleus [GO:0005634],FUNCTION: Necessary for the splicing of pre-mRNA. {ECO:0000256|RuleBase:RU364135}.,IPR012677;IPR035979;IPR000504;IPR006529;,PF00076;,outro_indefinido
negativa,6,Smp_322760.1,10,9.861717342571607,non_hub,1.323390200105487,1.1415584469404962,found,A0A5K4F7D9,A0A5K4F7D9_SCHMA,unreviewed,Uncharacterized protein,,,,,,,,nao_caracterizado
negativa,6,Smp_328360.1,10,9.823364119999605,non_hub,2.963908129519265,0.7101058534619523,found,A0A5K4F6J5,A0A5K4F6J5_SCHMA,unreviewed,CARD domain-containing protein,,,,,,IPR040760;IPR048377;,PF17819;,outro_indefinido
negativa,6,Smp_347560.1,9,8.902872099277557,non_hub,1.1306070455024615,0.7781686115948089,found,A0A5K4FFN8,A0A5K4FFN8_SCHMA,unreviewed,DNA repair protein RAD51 homolog 3,,meiotic DNA recombinase assembly [GO:0000707]; reciprocal meiotic recombination [GO:0007131],ATP binding [GO:0005524]; ATP-dependent DNA damage sensor activity [GO:0140664]; crossover junction DNA endonuclease activity [GO:0008821]; four-way junction DNA binding [GO:0000400],Rad51B-Rad51C-Rad51D-XRCC2 complex [GO:0033063]; Rad51C-XRCC3 complex [GO:0033065]; replication fork [GO:0005657],,IPR016467;IPR052093;IPR027417;IPR013632;IPR020588;,PF08423;,regulacao_genica
negativa,6,Smp_130470.2,9,8.874412243007098,non_hub,1.5093792905513146,1.0892425230487277,found,A0A3Q0KLR0,A0A3Q0KLR0_SCHMA,unreviewed,PHD-type domain-containing protein,,chromatin organization [GO:0006325],ATP binding [GO:0005524]; DNA binding [GO:0003677]; hydrolase activity [GO:0016787],nucleus [GO:0005634],,IPR006576;IPR037259;IPR051493;IPR016197;IPR000953;IPR023780;IPR014001;IPR001650;IPR056342;IPR027417;IPR038718;IPR049730;IPR000330;,PF07533;PF00385;PF00271;PF23078;PF00176;,regulacao_genica
negativa,6,Smp_150230.1,9,8.861224986162624,non_hub,1.445346992574605,1.2822196003059878,found,A0A3Q0KPY3,A0A3Q0KPY3_SCHMA,unreviewed,Putative cation efflux protein/ zinc transporter,,,monoatomic cation transmembrane transporter activity [GO:0008324],membrane [GO:0016020],,IPR002524;IPR058533;IPR027469;IPR050291;,PF01545;,membrana_superficie
negativa,6,Smp_204420.1,9,8.84638592470956,non_hub,4.392020251946428,10.131252231486297,found,G4LXG4,G4LXG4_SCHMA,unreviewed,Smp_204420,,,,,,,,outro_indefinido
negativa,6,Smp_193680.1,8,7.886381019086139,non_hub,3.152905180664644,0.7253864083868268,found,A0A3Q0KUA5,A0A3Q0KUA5_SCHMA,unreviewed,Venom allergen-like (VAL) 1 protein,,,,,,IPR014044;IPR035940;IPR001283;,PF00188;,secrecao_interacao_hospedeiro
negativa,6,Smp_347900.1,8,7.883782280115677,non_hub,1.341527334073159,0.94439060736293,found,A0A5K4FFS4,A0A5K4FFS4_SCHMA,unreviewed,Uncharacterized protein,,,,,,,,nao_caracterizado
negativa,6,Smp_130520.4,8,7.86272006781469,non_hub,1.2564738139432852,0.7665259246038149,found,A0A5K4EMM8,A0A5K4EMM8_SCHMA,unreviewed,"Prominin (Prom) protein, putative",,,,membrane [GO:0016020],,IPR008795;,PF05478;,outro_indefinido
negativa,6,Smp_317240.1,8,7.861584633411438,non_hub,3.2906562339445475,0.7481687401584428,found,A0A5K4F6M4,A0A5K4F6M4_SCHMA,unreviewed,Glyco_hydro_5_C domain-containing protein,,carbohydrate derivative catabolic process [GO:1901136]; lipid catabolic process [GO:0016042],"hydrolase activity, hydrolyzing O-glycosyl compounds [GO:0004553]",,,IPR017853;IPR041036;IPR013780;IPR052066;,PF18564;,lipidios_membrana
negativa,7,Smp_213510.1,10,9.86282533183488,non_hub,1.7437942380632432,2.098198389340714,found,A0A5K4F296,A0A5K4F296_SCHMA,unreviewed,Protein FAM160B1,,,,,,,,outro_indefinido
negativa,7,Smp_316910.1,9,8.927467387941213,non_hub,0.8338502132757453,0.9284969914440504,found,A0AA82N108,A0AA82N108_SCHMA,unreviewed,Uncharacterized protein,,,,,,,,nao_caracterizado
negativa,7,Smp_175880.1,9,8.897758326548201,non_hub,1.8465795754158592,1.805503992520987,found,G4LXD3,G4LXD3_SCHMA,unreviewed,CDKN2A interacting protein,,,,,,,,outro_indefinido
negativa,7,Smp_140260.1,8,7.893718963620921,non_hub,0.7641686072398407,0.7924825226657785,found,A0A5K4EPR2,A0A5K4EPR2_SCHMA,unreviewed,CARD domain-containing protein,,apoptotic process [GO:0006915]; regulation of apoptotic process [GO:0042981],ADP binding [GO:0043531],cytosol [GO:0005829],,IPR041452;IPR001315;IPR011029;IPR027417;IPR015943;IPR036322;IPR001680;IPR036388;,PF17908;PF00619;PF00400;,outro_indefinido
negativa,7,Smp_084180.1,8,7.826678792511607,non_hub,2.036458694357409,5.7536074082622575,found,A0A3Q0KIL1,A0A3Q0KIL1_SCHMA,unreviewed,Putative ribonucleoprotein A1b,,,,,,,,outro_indefinido
negativa,8,Smp_328440.1,2,1.965962327726795,non_hub,0.7522975586862775,1.175090748870511,found,A0A5K4F8P2,A0A5K4F8P2_SCHMA,unreviewed,BPTI/Kunitz inhibitor domain-containing protein,,,serine-type endopeptidase inhibitor activity [GO:0004867],extracellular space [GO:0005615],,IPR002223;IPR036880;IPR050098;,PF00014;,proteolise
negativa,8,Smp_150230.2,1,0.9852751773342268,non_hub,1.9701114873706551,0.9175064683980212,found,A0A3Q0KPY3,A0A3Q0KPY3_SCHMA,unreviewed,Putative cation efflux protein/ zinc transporter,,,monoatomic cation transmembrane transporter activity [GO:0008324],membrane [GO:0016020],,IPR002524;IPR058533;IPR027469;IPR050291;,PF01545;,membrana_superficie
negativa,8,Smp_348100.1,1,0.9806871503925684,non_hub,5.759717210693752,14.967345533140431,found,A0A913KWJ3,A0A913KWJ3_SCHMA,unreviewed,Metallothionein,,,,,,,,outro_indefinido
negativa,9,Smp_046060.2,5,4.91674173107327,non_hub,3.433590134821926,0.7915133866920531,found,A0A3Q0KFC9,A0A3Q0KFC9_SCHMA,unreviewed,Paramyosin,,actin filament organization [GO:0007015],actin filament binding [GO:0051015]; ATP binding [GO:0005524]; calmodulin binding [GO:0005516]; microfilament motor activity [GO:0000146],apical part of cell [GO:0045177]; cytoplasm [GO:0005737]; membrane [GO:0016020]; myosin complex [GO:0016459],,IPR036961;IPR001609;IPR008989;IPR002928;IPR027417;IPR004009;,PF00063;PF02736;PF01576;,mitocondria_energia
negativa,9,Smp_130520.1,4,3.951835688583716,non_hub,2.521567599629824,0.9314042953419892,found,A0A5K4EMM8,A0A5K4EMM8_SCHMA,unreviewed,"Prominin (Prom) protein, putative",,,,membrane [GO:0016020],,IPR008795;,PF05478;,outro_indefinido
negativa,9,Smp_246050.3,4,3.944635880047581,non_hub,1.1685174432337038,0.977226046167226,found,A0A5K4F227,A0A5K4F227_SCHMA,unreviewed,Vinculin,,cell adhesion [GO:0007155],actin filament binding [GO:0051015]; structural molecule activity [GO:0005198],actin cytoskeleton [GO:0015629]; adherens junction [GO:0005912]; plasma membrane [GO:0005886],,IPR036723;IPR017997;IPR006077;IPR000633;,PF01044;,outro_indefinido
negativa,9,Smp_345970.1,4,3.943847901107168,non_hub,1.982473535391348,0.7452564060451858,found,A0A5K4FGA9,A0A5K4FGA9_SCHMA,unreviewed,BHLH domain-containing protein,,,"DNA-binding transcription factor activity, RNA polymerase II-specific [GO:0000981]; protein dimerization activity [GO:0046983]; RNA polymerase II cis-regulatory region sequence-specific DNA binding [GO:0000978]",nucleus [GO:0005634],,IPR011598;IPR036638;IPR051732;,PF00010;,regulacao_genica
negativa,9,Smp_000500.1,3,2.9845369557911634,non_hub,4.23632168363265,1.3230595867065378,found,A0A3Q0KBC1,A0A3Q0KBC1_SCHMA,unreviewed,GH97_N domain-containing protein,,,,,,,,outro_indefinido
negativa,10,Smp_346380.2,3,2.9628154108597218,non_hub,2.518613096978831,1.3422014272361764,found,A0A5K4FGH3,A0A5K4FGH3_SCHMA,unreviewed,oxaloacetate tautomerase (EC 5.3.2.2) (Fumarylacetoacetate hydrolase domain-containing protein 1),,,acetylpyruvate hydrolase activity [GO:0018773]; metal ion binding [GO:0046872]; oxaloacetate tautomerase activity [GO:0050163],mitochondrion [GO:0005739],,IPR011234;IPR036663;,PF01557;,outro_indefinido
negativa,10,Smp_323250.1,2,1.9974582769939355,non_hub,6.126212035313886,2.1618705924849007,found,A0A5K4F608,A0A5K4F608_SCHMA,unreviewed,Secreted protein,,,,,,,,secrecao_interacao_hospedeiro
negativa,10,Smp_051670.1,2,1.9940865211033816,non_hub,0.9699298010466918,0.8935241592044928,found,A0A3Q0KFU6,A0A3Q0KFU6_SCHMA,unreviewed,Secreted protein,,,,,,,,secrecao_interacao_hospedeiro
negativa,10,Smp_085830.1,2,1.987141795434268,non_hub,1.6622734700746378,1.724491368810761,found,A0A3Q0KIM4,A0A3Q0KIM4_SCHMA,unreviewed,Transmembrane protein,,,,lysosomal membrane [GO:0005765],,IPR008853;,PF05434;,membrana_superficie
negativa,10,Smp_331380.1,1,0.9723018595349004,non_hub,2.424983809597048,0.8412220316090323,found,A0A5K4FBJ2,A0A5K4FBJ2_SCHMA,unreviewed,Secreted protein,,,,,,,,secrecao_interacao_hospedeiro
negativa,11,Smp_332600.2,13,12.710250393955496,hub,1.1611025239821269,1.0392605662069117,found,A0A5K4F9S9,A0A5K4F9S9_SCHMA,unreviewed,MAM domain-containing protein,,,,membrane [GO:0016020],,IPR000998;,PF00629;,outro_indefinido
negativa,11,Smp_331440.1,11,10.863088416591864,non_hub,1.4106011957287217,1.1991574237666285,found,A0A5K4FA63,A0A5K4FA63_SCHMA,unreviewed,UPF0506 domain-containing protein,,,,extracellular region [GO:0005576],,IPR021712;,PF11703;,outro_indefinido
negativa,11,Smp_173320.2,10,9.815724282618076,non_hub,2.2883172111095367,2.7855267437285565,found,A0A3Q0KT76,A0A3Q0KT76_SCHMA,unreviewed,Tubulin tyrosine ligase-related,,,,cytoplasm [GO:0005737],,IPR057954;IPR004344;IPR027749;,PF25556;PF03133;,regulacao_genica
negativa,11,Smp_054620.3,10,9.811970568415587,non_hub,1.1943199060598977,0.8105832454615491,found,A0A3Q0KG26,A0A3Q0KG26_SCHMA,unreviewed,Uncharacterized protein,,cilium assembly [GO:0060271],,ciliary transition zone [GO:0035869]; membrane [GO:0016020],FUNCTION: Component of the transition zone in primary cilia. Required for ciliogenesis. {ECO:0000256|ARBA:ARBA00025631}.,IPR029409;,PF15383;,nao_caracterizado
negativa,11,Smp_196880.2,8,7.894316869452803,non_hub,1.2475145948499935,2.07836305819124,found,A0A3Q0KUG3,A0A3Q0KUG3_SCHMA,unreviewed,"Putative development and differentiation-enhancing factor, ddef",,,GTPase activator activity [GO:0005096]; zinc ion binding [GO:0008270],cytoplasm [GO:0005737],,IPR027267;IPR002110;IPR036770;IPR037278;IPR001164;IPR038508;IPR043593;IPR004148;IPR011993;IPR037844;IPR001849;IPR036028;IPR001452;,PF00023;PF01412;PF16746;PF00169;PF00018;,outro_indefinido
negativa,11,Smp_170770.2,8,7.88966734226963,non_hub,0.8370911428943302,0.9371279004314724,found,A0A3Q0KT42,A0A3Q0KT42_SCHMA,unreviewed,Rab GTPase,,,GTP binding [GO:0005525]; GTPase activity [GO:0003924],,,IPR027417;IPR001806;,PF00071;,outro_indefinido
negativa,11,Smp_179970.1,8,7.885175593889611,non_hub,3.113658091689964,0.8489172833557399,found,C4QPM1,C4QPM1_SCHMA,unreviewed,Egg protein CP391S-like,,,,,,,,outro_indefinido
negativa,12,Smp_266830.2,8,7.884291514248374,non_hub,1.4131248868149815,1.6487948433738389,found,A0A5K4F1P1,A0A5K4F1P1_SCHMA,unreviewed,SAM domain-containing protein,,negative regulation of DNA-templated transcription [GO:0045892],chromatin binding [GO:0003682]; histone binding [GO:0042393],nucleus [GO:0005634],,IPR050548;IPR001660;IPR013761;,PF00536;,regulacao_genica
negativa,12,Smp_204370.1,7,6.908237770063475,non_hub,2.4425608656372324,7.96385723602367,found,G4LWY9,G4LWY9_SCHMA,unreviewed,Smp_204370,,,,,,,,outro_indefinido
negativa,12,Smp_328910.1,6,5.954985689084139,non_hub,3.037104176122709,0.7364648362762388,found,A0AA82N2W9,A0AA82N2W9_SCHMA,unreviewed,Uncharacterized protein,,,,,,,,nao_caracterizado
negativa,12,Smp_017470.1,6,5.9527663303727225,non_hub,2.837948444743218,1.6988093639029038,found,G4LW66,G4LW66_SCHMA,unreviewed,Selenoprotein S,,,,,,,,outro_indefinido
negativa,12,Smp_246970.2,6,5.942895248174166,non_hub,0.8170068312364553,0.8974063003507147,found,A0A5K4F2C3,A0A5K4F2C3_SCHMA,unreviewed,Uncharacterized protein,,Rho protein signal transduction [GO:0007266],guanyl-nucleotide exchange factor activity [GO:0005085],,,IPR035899;IPR000219;IPR011993;IPR001849;IPR040181;,PF16652;PF00621;,nao_caracterizado
positiva,1,Smp_179390.1,2,1.9734170284196704,non_hub,5.727835011110378,0.7775989475581406,found,G4V639,G4V639_SCHMA,unreviewed,Uncharacterized protein,,,,,,,,nao_caracterizado
positiva,1,Smp_320100.1,1,0.9973480382579544,non_hub,0.9746569761367138,0.9928608678277512,found,A0A5K4F5A9,A0A5K4F5A9_SCHMA,unreviewed,UPAR/Ly6 domain-containing protein,,,,,,IPR045860;,,outro_indefinido
positiva,1,Smp_346960.1,1,0.9760689901617162,non_hub,3.375008159169228,0.7834355780145851,found,A0A5K4FCR3,A0A5K4FCR3_SCHMA,unreviewed,Secreted protein,,,,,,,,secrecao_interacao_hospedeiro
positiva,2,Smp_335670.1,1,0.979325833261632,non_hub,2.486187100012594,0.8402590963931175,found,A0A5K4FAU7,A0A5K4FAU7_SCHMA,unreviewed,Kinesin motor domain-containing protein,,microtubule-based movement [GO:0007018],ATP binding [GO:0005524]; microtubule binding [GO:0008017]; microtubule motor activity [GO:0003777],,,IPR001752;IPR036961;IPR027417;,,mitocondria_energia
positiva,2,Smp_348240.1,1,0.979325833261632,non_hub,0.9747664064606252,0.842112522309925,found,A0A913KWJ7,A0A913KWJ7_SCHMA,unreviewed,Uncharacterized protein,,,,,,,,nao_caracterizado
positiva,3,Smp_051000.2,12,11.85124895160987,non_hub,1.9610181233405188,1.712999526058657,found,A0A3Q0KFS3,A0A3Q0KFS3_SCHMA,unreviewed,Vps54_N domain-containing protein,,"endocytic recycling [GO:0032456]; protein transport [GO:0015031]; retrograde transport, endosome to Golgi [GO:0042147]",SNARE binding [GO:0000149],cytosol [GO:0005829]; EARP complex [GO:1990745],,IPR019514;IPR040047;IPR019515;,PF10474;PF10475;,outro_indefinido
positiva,3,Smp_150080.2,12,11.839365035615971,non_hub,1.8757120914057457,1.6023193870640744,found,A0A3Q0KPL1,A0A3Q0KPL1_SCHMA,unreviewed,Transducin-like enhancer protein 1,,negative regulation of canonical Wnt signaling pathway [GO:0090090],transcription corepressor activity [GO:0003714],nucleus [GO:0005634]; transcription regulator complex [GO:0005667],,IPR005617;IPR009146;IPR015943;IPR036322;IPR001680;,PF03920;PF00400;,regulacao_genica
positiva,3,Smp_020450.2,12,11.838324062325402,non_hub,2.530642334620782,2.8520693441658964,found,A0A5K4EAY8,A0A5K4EAY8_SCHMA,unreviewed,UBX domain-containing protein,,,,cytoplasm [GO:0005737],,IPR036339;IPR018997;IPR029071;IPR001012;,PF09409;,outro_indefinido
positiva,3,Smp_093430.1,11,10.89158045849424,non_hub,1.8708525687368576,1.5708599897396371,found,A0A3Q0KJ79,A0A3Q0KJ79_SCHMA,unreviewed,Putative gyf domain,,,,,,IPR003169;IPR035445;,PF02213;,outro_indefinido
positiva,3,Smp_320200.1,11,10.88879938215386,non_hub,1.978412082748108,1.7647380271527056,found,A0A5K4F8P7,A0A5K4F8P7_SCHMA,unreviewed,Ras-domain-containing protein,,,GTP binding [GO:0005525]; GTPase activity [GO:0003924],,,IPR027417;IPR005225;IPR001806;,PF00071;,outro_indefinido
positiva,4,Smp_141010.2,3,2.96649629957548,non_hub,0.6291734173777038,0.9198859297331836,found,A0A5K4EP41,A0A5K4EP41_SCHMA,unreviewed,Fer-1-related,,plasma membrane organization [GO:0007009],metal ion binding [GO:0046872],cytoplasmic vesicle membrane [GO:0030659]; plasma membrane [GO:0005886],,IPR000008;IPR035892;IPR037720;IPR037722;IPR037723;IPR037724;IPR037725;IPR012968;IPR037721;IPR012560;IPR012561;IPR032362;IPR055072;IPR006614;,PF00168;PF22901;PF08165;PF08150;PF08151;PF16165;,membrana_superficie
positiva,4,Smp_328620.2,3,2.9568322665069324,non_hub,0.5842319674132046,0.8670852944364337,found,A0A5K4F9A4,A0A5K4F9A4_SCHMA,unreviewed,Ovule protein,,,,,,,,outro_indefinido
positiva,4,Smp_058140.1,2,1.96331338575889,non_hub,1.9436637982742435,0.8163579672114246,found,G4VK44,G4VK44_SCHMA,unreviewed,Protein-L-isoaspartate O-methyltransferase (EC 2.1.1.77),,methylation [GO:0032259],protein-L-isoaspartate (D-aspartate) O-methyltransferase activity [GO:0004719],cytoplasm [GO:0005737],,IPR000682;IPR029063;,PF01135;,outro_indefinido
positiva,4,Smp_056460.1,2,1.9624329067471848,non_hub,0.6720006080591996,0.8217703743483398,found,A0A5K4EFL6,A0A5K4EFL6_SCHMA,unreviewed,Uncharacterized protein,,,,,,,,nao_caracterizado
positiva,5,Smp_317510.1,4,3.94656831600257,non_hub,0.8528302134993394,1.1608769146668394,found,A0A5K4F6P8,A0A5K4F6P8_SCHMA,unreviewed,UPF0506 domain-containing protein,,,,extracellular region [GO:0005576],,IPR021712;,PF11703;,outro_indefinido
positiva,5,Smp_055870.2,4,3.936342942040272,non_hub,3.9450848553732456,0.7363535602432628,found,Q26586,Q26586_SCHMA,unreviewed,Vesicle-associated membrane protein 7 (Synaptobrevin-like protein 1),IMP25,protein transport [GO:0015031]; vesicle-mediated transport [GO:0016192],,endoplasmic reticulum membrane [GO:0005789]; Golgi apparatus [GO:0005794]; late endosome membrane [GO:0031902]; lysosomal membrane [GO:0005765]; phagocytic vesicle membrane [GO:0030670]; transport vesicle membrane [GO:0030658],,IPR010908;IPR001388;IPR051097;IPR042855;,PF00957;,membrana_superficie
positiva,5,Smp_314280.1,4,3.9311850140302376,non_hub,1.7451571364758005,0.8349114284339425,found,A0A5K4F416,A0A5K4F416_SCHMA,unreviewed,Trafficking protein particle complex subunit 5,,endoplasmic reticulum to Golgi vesicle-mediated transport [GO:0006888],,endoplasmic reticulum [GO:0005783]; TRAPPI protein complex [GO:1990070]; TRAPPII protein complex [GO:1990071]; TRAPPIII protein complex [GO:1990072],FUNCTION: May play a role in vesicular transport from endoplasmic reticulum to Golgi. {ECO:0000256|PIRNR:PIRNR017479}.,IPR024096;IPR016696;IPR007194;,PF04051;,outro_indefinido
positiva,5,Smp_154900.1,4,3.928559619515928,non_hub,1.103304828240736,0.7961872603516312,found,G4VBQ4,G4VBQ4_SCHMA,unreviewed,Putative rhogap protein,,,,,,,,outro_indefinido
positiva,5,Smp_084180.1,4,3.922048341981096,non_hub,2.036458694357409,5.7536074082622575,found,A0A3Q0KIL1,A0A3Q0KIL1_SCHMA,unreviewed,Putative ribonucleoprotein A1b,,,,,,,,outro_indefinido
positiva,6,Smp_130520.1,2,1.98370366559666,non_hub,2.521567599629824,0.9314042953419892,found,A0A5K4EMM8,A0A5K4EMM8_SCHMA,unreviewed,"Prominin (Prom) protein, putative",,,,membrane [GO:0016020],,IPR008795;,PF05478;,outro_indefinido
positiva,6,Smp_246050.3,2,1.982362894537789,non_hub,1.1685174432337038,0.977226046167226,found,A0A5K4F227,A0A5K4F227_SCHMA,unreviewed,Vinculin,,cell adhesion [GO:0007155],actin filament binding [GO:0051015]; structural molecule activity [GO:0005198],actin cytoskeleton [GO:0015629]; adherens junction [GO:0005912]; plasma membrane [GO:0005886],,IPR036723;IPR017997;IPR006077;IPR000633;,PF01044;,outro_indefinido
positiva,6,Smp_345970.1,2,1.9686867826020973,non_hub,1.982473535391348,0.7452564060451858,found,A0A5K4FGA9,A0A5K4FGA9_SCHMA,unreviewed,BHLH domain-containing protein,,,"DNA-binding transcription factor activity, RNA polymerase II-specific [GO:0000981]; protein dimerization activity [GO:0046983]; RNA polymerase II cis-regulatory region sequence-specific DNA binding [GO:0000978]",nucleus [GO:0005634],,IPR011598;IPR036638;IPR051732;,PF00010;,regulacao_genica
positiva,7,Smp_316860.1,7,6.889046040408302,non_hub,2.258066134401191,2.4299593353013806,found,A0A5K4F8N9,A0A5K4F8N9_SCHMA,unreviewed,EF-hand domain-containing protein,,microtubule-based process [GO:0007017],calcium ion binding [GO:0005509],dynein complex [GO:0030286],,IPR037177;IPR001372;IPR011992;IPR002048;,PF01221;,outro_indefinido
positiva,7,Smp_247660.1,6,5.923725050883216,non_hub,4.320427033241758,8.84057992655008,found,A0A5K4F2X0,A0A5K4F2X0_SCHMA,unreviewed,Unique cartilage matrix-associated protein C-terminal fragment,,,,,,,,outro_indefinido
positiva,7,Smp_163570.2,6,5.919055922494968,non_hub,1.8082239510017029,1.4697187400665772,found,A0A5K4EV29,A0A5K4EV29_SCHMA,unreviewed,Ryanodine receptor related,,intracellular calcium ion homeostasis [GO:0006874]; release of sequestered calcium ion into cytosol by sarcoplasmic reticulum [GO:0014808]; striated muscle contraction [GO:0006941],calcium ion binding [GO:0005509]; ryanodine-sensitive calcium-release channel activity [GO:0005219],calcium channel complex [GO:0034704]; sarcolemma [GO:0042383]; sarcoplasmic reticulum membrane [GO:0033017]; smooth endoplasmic reticulum [GO:0005790]; Z disc [GO:0030018],,IPR001870;IPR043136;IPR013320;IPR011992;IPR018247;IPR002048;IPR014821;IPR005821;IPR036300;IPR016093;IPR013662;IPR000699;IPR013333;IPR015925;IPR003032;IPR009460;IPR048581;IPR035910;IPR035761;IPR035764;IPR003877;,PF13499;PF08709;PF00520;PF02815;PF08454;PF06459;PF01365;PF21119;PF02026;PF00622;,outro_indefinido
positiva,7,Smp_304890.1,5,4.938551793850838,non_hub,1.4198714092422038,0.980198331278948,found,A0A5K4F5M0,A0A5K4F5M0_SCHMA,unreviewed,DUF3883 domain-containing protein,,,,,,IPR057731;,PF15253;,outro_indefinido
positiva,7,Smp_171140.1,5,4.925264779078557,non_hub,1.460397796268134,0.9715729371348146,found,A0A3Q0KSR8,A0A3Q0KSR8_SCHMA,unreviewed,Putative serine-rich repeat protein,,,,,,,,outro_indefinido
positiva,8,Smp_211020.1,4,3.9684808418924034,non_hub,0.7999754200067484,0.8838754656449281,found,A0A5K4EZ05,A0A5K4EZ05_SCHMA,unreviewed,Lactadherin,,,,,,IPR000421;IPR008979;,PF00754;,outro_indefinido
positiva,8,Smp_335370.1,4,3.961147565242787,non_hub,0.9920962010014256,1.0591475171574878,found,A0A5K4FAR7,A0A5K4FAR7_SCHMA,unreviewed,Saposin B-type domain-containing protein,,,,,,IPR011001;IPR008139;,,outro_indefinido
positiva,8,Smp_170770.2,4,3.948399304517087,non_hub,0.8370911428943302,0.9371279004314724,found,A0A3Q0KT42,A0A3Q0KT42_SCHMA,unreviewed,Rab GTPase,,,GTP binding [GO:0005525]; GTPase activity [GO:0003924],,,IPR027417;IPR001806;,PF00071;,outro_indefinido
positiva,8,Smp_196880.2,3,2.9736728942822124,non_hub,1.2475145948499935,2.07836305819124,found,A0A3Q0KUG3,A0A3Q0KUG3_SCHMA,unreviewed,"Putative development and differentiation-enhancing factor, ddef",,,GTPase activator activity [GO:0005096]; zinc ion binding [GO:0008270],cytoplasm [GO:0005737],,IPR027267;IPR002110;IPR036770;IPR037278;IPR001164;IPR038508;IPR043593;IPR004148;IPR011993;IPR037844;IPR001849;IPR036028;IPR001452;,PF00023;PF01412;PF16746;PF00169;PF00018;,outro_indefinido
positiva,8,Smp_205300.2,3,2.9575279997730166,non_hub,2.910622593865093,0.7959474464841169,found,A0A3Q0KV93,A0A3Q0KV93_SCHMA,unreviewed,Smp_205300,,,calcium ion binding [GO:0005509]; calcium-dependent phospholipid binding [GO:0005544],,,IPR037104;,,lipidios_membrana
positiva,9,Smp_193680.1,1,0.9958063610328264,non_hub,3.152905180664644,0.7253864083868268,found,A0A3Q0KUA5,A0A3Q0KUA5_SCHMA,unreviewed,Venom allergen-like (VAL) 1 protein,,,,,,IPR014044;IPR035940;IPR001283;,PF00188;,secrecao_interacao_hospedeiro
positiva,9,Smp_335785.1,1,0.9958063610328264,non_hub,5.672785672220916,1.0864032917473323,found,A0AA82N571,A0AA82N571_SCHMA,unreviewed,Uncharacterized protein,,,,,,,,nao_caracterizado
positiva,10,Smp_019690.2,9,8.893281539694613,non_hub,3.838091938380644,1.0998488214958655,found,C4Q2F6,C4Q2F6_SCHMA,unreviewed,Splicing factor U2AF subunit (U2 snRNP auxiliary factor large subunit),,mRNA processing [GO:0006397]; RNA splicing [GO:0008380],RNA binding [GO:0003723],nucleus [GO:0005634],FUNCTION: Necessary for the splicing of pre-mRNA. {ECO:0000256|RuleBase:RU364135}.,IPR012677;IPR035979;IPR000504;IPR006529;,PF00076;,outro_indefinido
positiva,10,Smp_043500.2,9,8.891980409123592,non_hub,2.1344931955961344,1.0161764417515895,found,A0A3Q0KF39,A0A3Q0KF39_SCHMA,unreviewed,RNase_Zc3h12a domain-containing protein,,,mRNA binding [GO:0003729]; RNA endonuclease activity [GO:0004521],cytoplasmic ribonucleoprotein granule [GO:0036464]; nucleus [GO:0005634],,IPR021869;IPR051101;,PF11977;,outro_indefinido
positiva,10,Smp_082410.1,9,8.885711303757184,non_hub,1.1362429633033138,0.923066820000324,found,G4VGH8,G4VGH8_SCHMA,unreviewed,Syntaxin,,,,,,,,outro_indefinido
positiva,10,Smp_327460.1,9,8.855107583869207,non_hub,0.7700213655117396,0.8382104428249072,found,A0A5K4F6W7,A0A5K4F6W7_SCHMA,unreviewed,G-patch domain-containing protein,,,nucleic acid binding [GO:0003676],,,IPR000467;,PF01585;,outro_indefinido
positiva,10,Smp_347490.1,9,8.839627269145215,non_hub,1.2741724089196789,1.2073707209115143,found,A0A5K4FFM7,A0A5K4FFM7_SCHMA,unreviewed,Uncharacterized protein,,,,,,,,nao_caracterizado
positiva,11,Smp_088420.1,8,7.867441303272841,non_hub,3.2348830304459844,1.0504426288302318,found,A0A3Q0KIV2,A0A3Q0KIV2_SCHMA,unreviewed,Uncharacterized protein,,,,,,,,nao_caracterizado
positiva,11,Smp_146150.1,7,6.901141915801035,non_hub,1.4016436914182215,1.009630678679429,found,A0A3Q0KPB4,A0A3Q0KPB4_SCHMA,unreviewed,GTP-binding protein Di-Ras2,,,GTP binding [GO:0005525]; GTPase activity [GO:0003924],plasma membrane [GO:0005886],,IPR027417;IPR005225;IPR001806;IPR052236;,PF00071;,outro_indefinido
positiva,11,Smp_055090.3,7,6.885948485973763,non_hub,1.4584821776884966,1.2176139002418898,found,G4VH77,G4VH77_SCHMA,unreviewed,Putative chromatin regulatory protein sir2,,,"histone deacetylase activity, NAD-dependent [GO:0017136]; metal ion binding [GO:0046872]; NAD+ binding [GO:0070403]; protein-malonyllysine demalonylase activity [GO:0036054]; protein-succinyllysine desuccinylase activity [GO:0036055]",nucleus [GO:0005634],,IPR029035;IPR050134;IPR003000;IPR026591;IPR027546;IPR026590;,PF02146;,outro_indefinido
positiva,11,Smp_326650.1,7,6.86811294577533,non_hub,3.001926237339755,4.799645802750767,found,A0A5K4F898,A0A5K4F898_SCHMA,unreviewed,GRANULINS domain-containing protein,,,,,,,,outro_indefinido
positiva,11,Smp_331190.1,5,4.899812338428333,non_hub,3.29152087554658,1.4080918078972229,found,A0A5K4F7A8,A0A5K4F7A8_SCHMA,unreviewed,Uncharacterized protein,,,,,,,,nao_caracterizado
positiva,12,Smp_323440.1,12,11.885399193449992,non_hub,14.426452228493808,1.8986820880545328,found,A0A5K4F9I2,A0A5K4F9I2_SCHMA,unreviewed,Secreted protein,,,,,,,,secrecao_interacao_hospedeiro
positiva,12,Smp_323270.2,12,11.872726941057582,non_hub,6.954015399767719,1.5132516300467274,found,A0A5K4F608,A0A5K4F608_SCHMA,unreviewed,Secreted protein,,,,,,,,secrecao_interacao_hospedeiro
positiva,12,Smp_323320.1,11,10.909782788848675,non_hub,9.7259890318946,2.002195296334916,found,A0A5K4F9G5,A0A5K4F9G5_SCHMA,unreviewed,Secreted protein,,,,,,,,secrecao_interacao_hospedeiro
positiva,12,Smp_323300.1,11,10.862757892312471,non_hub,10.1624116599177,1.8395831565028828,found,A0A5K4F9F3,A0A5K4F9F3_SCHMA,unreviewed,Secreted protein,,,,,,,,secrecao_interacao_hospedeiro
positiva,12,Smp_335135.1,11,10.85391374065475,non_hub,10.789647742658456,2.0040488882440184,found,A0AA82N4D5,A0AA82N4D5_SCHMA,unreviewed,Uncharacterized protein,,,,,,,,nao_caracterizado
positiva,13,Smp_051670.1,1,0.998716877746149,non_hub,0.9699298010466918,0.8935241592044928,found,A0A3Q0KFU6,A0A3Q0KFU6_SCHMA,unreviewed,Secreted protein,,,,,,,,secrecao_interacao_hospedeiro
positiva,13,Smp_346380.2,1,0.998716877746149,non_hub,2.518613096978831,1.3422014272361764,found,A0A5K4FGH3,A0A5K4FGH3_SCHMA,unreviewed,oxaloacetate tautomerase (EC 5.3.2.2) (Fumarylacetoacetate hydrolase domain-containing protein 1),,,acetylpyruvate hydrolase activity [GO:0018773]; metal ion binding [GO:0046872]; oxaloacetate tautomerase activity [GO:0050163],mitochondrion [GO:0005739],,IPR011234;IPR036663;,PF01557;,outro_indefinido
positiva,14,Smp_010550.1,7,6.93892474485747,non_hub,0.7943137229539412,0.9421751066262342,found,G4VMN2,G4VMN2_SCHMA,unreviewed,Secreted protein,,,,,,,,secrecao_interacao_hospedeiro
positiva,14,Smp_212300.2,7,6.925102861782212,non_hub,0.7866563750340769,0.8799764664849317,found,A0A5K4F0H2,A0A5K4F0H2_SCHMA,unreviewed,Uncharacterized protein,,signal transduction [GO:0007165],,,,IPR001478;IPR036034;IPR008936;IPR000198;,PF00595;PF00620;,nao_caracterizado
positiva,14,Smp_182600.1,7,6.922239077664129,non_hub,1.952473232834408,5.405524285725917,found,C4QQL6,C4QQL6_SCHMA,unreviewed,Uncharacterized protein,,,,,,IPR008042;,PF05380;,nao_caracterizado
positiva,14,Smp_204040.1,7,6.921960377131432,non_hub,2.043469742117234,6.61564122706708,found,G4VT59,G4VT59_SCHMA,unreviewed,Uncharacterized protein,,,,,,,,nao_caracterizado
positiva,14,Smp_330270.1,7,6.903286341442338,non_hub,1.4334339693116842,3.395143835646856,found,A0A5K4FDN7,A0A5K4FDN7_SCHMA,unreviewed,Peptidase S1 domain-containing protein,,proteolysis [GO:0006508],serine-type endopeptidase activity [GO:0004252],,,IPR009003;IPR043504;IPR051487;IPR001254;,PF00089;,proteolise
positiva,15,Smp_040710.2,13,12.742774560882026,non_hub,1.0430013526681845,1.0135328838189284,found,A0A5K4EDJ8,A0A5K4EDJ8_SCHMA,unreviewed,Putative dna-directed rna polymerase II 13.3 kD polypeptide,,transcription by RNA polymerase II [GO:0006366],DNA-directed RNA polymerase activity [GO:0003899]; protein dimerization activity [GO:0046983],"RNA polymerase II, core complex [GO:0005665]",,IPR036603;IPR009025;,PF13656;,regulacao_genica
positiva,15,Smp_309730.1,12,11.877912263628051,non_hub,1.0649804995567678,1.6771556710838214,found,A0A5K4F2Z8,A0A5K4F2Z8_SCHMA,unreviewed,Uncharacterized protein,,,,,,,,nao_caracterizado
positiva,15,Smp_341160.2,12,11.87608625916116,non_hub,1.5307597507188098,3.397944865559112,found,A0A5K4F9S5,A0A5K4F9S5_SCHMA,unreviewed,receptor protein-tyrosine kinase (EC 2.7.10.1),,cell surface receptor protein tyrosine kinase signaling pathway [GO:0007169],ATP binding [GO:0005524]; metal ion binding [GO:0046872]; transmembrane receptor protein tyrosine kinase activity [GO:0004714],plasma membrane [GO:0005886]; receptor complex [GO:0043235],,IPR003961;IPR036116;IPR006211;IPR006212;IPR009030;IPR013783;IPR011009;IPR000719;IPR000494;IPR036941;IPR050122;IPR001245;IPR008266;IPR020635;,PF00757;PF07714;PF01030;,membrana_superficie
positiva,15,Smp_323230.1,12,11.861671262197875,non_hub,2.4432424420291152,8.418126881348664,found,A0A5K4F9F3,A0A5K4F9F3_SCHMA,unreviewed,Secreted protein,,,,,,,,secrecao_interacao_hospedeiro
positiva,15,Smp_170910.1,12,11.853960424360732,non_hub,1.0352114845163811,1.7209319789144348,found,A0A5K4EWJ8,A0A5K4EWJ8_SCHMA,unreviewed,RFX-type winged-helix domain-containing protein,,,"DNA-binding transcription factor activity, RNA polymerase II-specific [GO:0000981]; RNA polymerase II cis-regulatory region sequence-specific DNA binding [GO:0000978]",nucleus [GO:0005634],,IPR003150;IPR039779;IPR057321;IPR036388;IPR036390;,PF25340;PF02257;,regulacao_genica
positiva,16,Smp_322700.1,33,32.5797802005595,hub,3.241844614252172,4.794368740171649,found,A0A5K4F5D6,A0A5K4F5D6_SCHMA,unreviewed,WD_REPEATS_REGION domain-containing protein,,proteasome-mediated ubiquitin-dependent protein catabolic process [GO:0043161]; protein polyubiquitination [GO:0000209]; transcription-coupled nucleotide-excision repair [GO:0006283],,Cul4A-RING E3 ubiquitin ligase complex [GO:0031464]; nucleotide-excision repair complex [GO:0000109],,IPR042238;IPR015943;IPR036322;IPR001680;,PF00400;,regulacao_genica
positiva,16,Smp_341200.2,32,31.584916694805656,hub,2.219415759943121,1.183640891253307,found,A0A5K4FC28,A0A5K4FC28_SCHMA,unreviewed,LisH domain-containing protein,,microtubule anchoring [GO:0034453],,centrosome [GO:0005813],,IPR018993;,PF09398;,outro_indefinido
positiva,16,Smp_152630.1,31,30.63858776020884,hub,3.008076727410164,4.065358675268367,found,A0A3Q0KQ41,A0A3Q0KQ41_SCHMA,unreviewed,MEG-12,,,,,,,,secrecao_interacao_hospedeiro
positiva,16,Smp_139080.2,31,30.635288385669863,hub,1.6310051266214054,1.1999155931331145,found,A0A3Q0KN00,A0A3Q0KN00_SCHMA,unreviewed,Bestrophin homolog,,,chloride channel activity [GO:0005254],chloride channel complex [GO:0034707]; plasma membrane [GO:0005886],FUNCTION: Forms chloride channels. {ECO:0000256|RuleBase:RU363126}.,IPR000615;IPR021134;,PF01062;,outro_indefinido
positiva,16,Smp_336310.2,30,29.65217937194264,hub,1.594010015877928,1.1368962720555846,found,A0A5K4FBV5,A0A5K4FBV5_SCHMA,unreviewed,Midasin,,,,,,IPR007858;IPR049630;,PF05186;,outro_indefinido
positiva,16,Smp_012350.1,30,29.641295609474785,hub,1.5642269384392768,1.1089695298377824,found,G4VC55,G4VC55_SCHMA,unreviewed,Venom allergen-like (VAL) 11 protein,,,,,,IPR014044;IPR035940;IPR001283;IPR034113;,PF00188;,secrecao_interacao_hospedeiro
positiva,16,Smp_149380.2,30,29.56200850250568,hub,1.426396834403835,0.9693012604950978,found,A0A3Q0KPL9,A0A3Q0KPL9_SCHMA,unreviewed,SET domain-containing protein,,methylation [GO:0032259],protein-lysine N-methyltransferase activity [GO:0016279],,,IPR001214;IPR046341;IPR050600;,,outro_indefinido
positiva,16,Smp_210520.2,30,29.545545101117582,hub,1.512737248533854,1.1063180075612935,found,A0A3Q0KVK2,A0A3Q0KVK2_SCHMA,unreviewed,Putative tyrosyl-DNA phosphodiesterase,,regulation of cell cycle [GO:0051726],"DNA-binding transcription factor activity, RNA polymerase II-specific [GO:0000981]; RNA polymerase II transcription regulatory region sequence-specific DNA binding [GO:0000977]",nucleus [GO:0005634]; transcription regulator complex [GO:0005667],,IPR037241;IPR003316;IPR038168;IPR014889;IPR015648;IPR036388;IPR036390;,PF08781;PF02319;,regulacao_genica
positiva,16,Smp_047870.1,29,28.69339040810334,hub,2.9298889539155075,3.843212004066856,found,G4VDM2,G4VDM2_SCHMA,unreviewed,dual-specificity kinase (EC 2.7.12.1),,actin cytoskeleton organization [GO:0030036],ATP binding [GO:0005524]; metal ion binding [GO:0046872]; protein serine/threonine kinase activity [GO:0004674]; protein serine/threonine/tyrosine kinase activity [GO:0004712],cytoplasm [GO:0005737]; nucleus [GO:0005634],,IPR050940;IPR011009;IPR000719;IPR017441;IPR001245;IPR008266;,PF07714;PF00069;,mitocondria_energia
positiva,16,Smp_246790.1,29,28.689008840395925,hub,2.368756531406394,2.509071735491712,found,A0A5K4F0X5,A0A5K4F0X5_SCHMA,unreviewed,Ion_trans domain-containing protein (LSDAT_euk domain-containing protein),,metal ion transport [GO:0030001],monoatomic cation channel activity [GO:0005261],plasma membrane [GO:0005886],,IPR005821;IPR050927;IPR057366;IPR041491;,PF00520;PF18139;PF25969;PF25508;,outro_indefinido
positiva,16,Smp_004690.2,28,27.598731335220734,hub,4.988610451751297,0.9164137248987236,found,A0A5K4E8S2,A0A5K4E8S2_SCHMA,unreviewed,ZZ-type domain-containing protein,,,zinc ion binding [GO:0008270],,,IPR000433;IPR043145;,,outro_indefinido
positiva,16,Smp_134410.1,27,26.68537188072142,hub,3.83786800689414,6.592200215093551,found,A0A3Q0KME4,A0A3Q0KME4_SCHMA,unreviewed,Putative monocarboxylate transporter,,,monocarboxylic acid transmembrane transporter activity [GO:0008028],membrane [GO:0016020],,IPR036259;IPR050327;,PF07690;,membrana_superficie
positiva,16,Smp_302270.1,27,26.65664173652649,hub,4.825060156081327,0.9296788922646332,found,A0A0R5RJC3,A0A0R5RJC3_SCHMA,unreviewed,Hsp20,,protein refolding [GO:0042026]; response to heat [GO:0009408],unfolded protein binding [GO:0051082],cytoplasm [GO:0005737]; nucleus [GO:0005634],,IPR002068;IPR001436;IPR008978;,PF00011;,outro_indefinido
positiva,16,Smp_320400.1,27,26.60897732341666,hub,1.5605287290254428,1.1336540350731448,found,A0A5K4F5C6,A0A5K4F5C6_SCHMA,unreviewed,Dynein light chain,,microtubule-based process [GO:0007017]; mRNA transport [GO:0051028]; protein transport [GO:0015031],dynein intermediate chain binding [GO:0045505],cytoplasmic dynein complex [GO:0005868]; microtubule [GO:0005874]; nucleus [GO:0005634],,IPR037177;IPR001372;,PF01221;,outro_indefinido
positiva,16,Smp_331170.2,26,25.68626569813645,hub,1.4661828703806288,0.9776086264600666,found,A0A5K4FA37,A0A5K4FA37_SCHMA,unreviewed,GPI inositol-deacylase (EC 3.1.-.-),,endoplasmic reticulum to Golgi vesicle-mediated transport [GO:0006888]; GPI anchor metabolic process [GO:0006505]; protein transport [GO:0015031],phosphatidylinositol deacylase activity [GO:0050185],endoplasmic reticulum membrane [GO:0005789],FUNCTION: Involved in inositol deacylation of GPI-anchored proteins which plays important roles in the quality control and ER-associated degradation of GPI-anchored proteins. {ECO:0000256|RuleBase:RU365011}.,IPR029058;IPR012908;IPR039529;,PF07819;PF24660;,outro_indefinido
positiva,16,Smp_312610.1,26,25.678324186923003,hub,1.6855535868748794,1.2955679251913763,found,A0A5K4F550,A0A5K4F550_SCHMA,unreviewed,Monocyte to macrophage differentiation factor 2,,,,membrane [GO:0016020],,IPR004254;,PF03006;,outro_indefinido
positiva,16,Smp_133860.1,26,25.666081030030657,hub,2.220986101713509,1.220810956247516,found,G4VNG8,G4VNG8_SCHMA,unreviewed,Mediator of RNA polymerase II transcription subunit 18 (Mediator complex subunit 18),MED18,regulation of transcription by RNA polymerase II [GO:0006357]; termination of RNA polymerase II transcription [GO:0006369],transcription coregulator activity [GO:0003712],core mediator complex [GO:0070847]; mediator complex [GO:0016592],"FUNCTION: Component of the Mediator complex, a coactivator involved in the regulated transcription of nearly all RNA polymerase II-dependent genes. Mediator functions as a bridge to convey information from gene-specific regulatory proteins to the basal RNA polymerase II transcription machinery. Mediator is recruited to promoters by direct interactions with regulatory proteins and serves as a scaffold for the assembly of a functional preinitiation complex with RNA polymerase II and the general transcription factors. {ECO:0000256|RuleBase:RU364150}.",IPR019095;,PF09637;,regulacao_genica
positiva,16,Smp_041500.2,26,25.65683519509289,hub,4.424188576886111,0.909829453314204,found,A0A5K4ED29,A0A5K4ED29_SCHMA,unreviewed,Robl_LC7 domain-containing protein,,regulation of TOR signaling [GO:0032006],,Ragulator complex [GO:0071986],,IPR015019;,PF08923;,outro_indefinido
positiva,16,Smp_340430.1,26,25.650786450567463,hub,2.943146983105005,3.897463130485648,found,A0A5K4F9J3,A0A5K4F9J3_SCHMA,unreviewed,DRBM domain-containing protein,,regulation of regulatory ncRNA processing [GO:0070920]; siRNA processing [GO:0030422],double-stranded RNA binding [GO:0003725]; siRNA binding [GO:0035197],cytoplasm [GO:0005737]; nucleus [GO:0005634]; RISC complex [GO:0016442]; RISC-loading complex [GO:0070578],,IPR014720;IPR051247;,PF00035;,outro_indefinido
positiva,16,Smp_105180.2,26,25.627231463623453,hub,1.891011652613664,1.5974316608386234,found,G4VE41,G4VE41_SCHMA,unreviewed,Putative pre-mRNA-splicing factor CWC25,,"mRNA splicing, via spliceosome [GO:0000398]",,U2-type spliceosomal complex [GO:0005684],,IPR022209;IPR051376;,PF12542;,outro_indefinido
positiva,16,Smp_022320.3,25,24.72177275322792,non_hub,2.0341557758107154,1.8399417696037104,found,A0AA82ME68,A0AA82ME68_SCHMA,unreviewed,Holocytochrome c-type synthase (EC 4.4.1.17),,,holocytochrome-c synthase activity [GO:0004408]; metal ion binding [GO:0046872],mitochondrial inner membrane [GO:0005743],FUNCTION: Lyase that catalyzes the covalent linking of the heme group to the cytochrome C apoprotein to produce the mature functional cytochrome. {ECO:0000256|RuleBase:RU363130}.,IPR000511;,PF01265;,mitocondria_energia
positiva,16,Smp_302040.3,25,24.68147649585384,non_hub,1.862349241097133,1.5938026296797825,found,A0A5K4F1Q7,A0A5K4F1Q7_SCHMA,unreviewed,Phorbol-ester/DAG-type domain-containing protein,,G protein-coupled receptor signaling pathway [GO:0007186],G protein-coupled receptor binding [GO:0001664]; guanyl-nucleotide exchange factor activity [GO:0005085],cytoplasm [GO:0005737],,IPR001478;IPR036034;,PF00595;,outro_indefinido
positiva,16,Smp_348840.2,25,24.65913618248813,non_hub,2.362651557493697,2.549365668755636,found,A0A913KVM2,A0A913KVM2_SCHMA,unreviewed,RRM domain-containing protein,,"nuclear-transcribed mRNA catabolic process, deadenylation-dependent decay [GO:0000288]",poly(A) binding [GO:0008143],nucleus [GO:0005634],,IPR012677;IPR035979;IPR000504;,PF00076;,outro_indefinido
positiva,16,Smp_331370.1,25,24.52894574670433,non_hub,3.691175667794704,6.831371133817124,found,A0A5K4FA57,A0A5K4FA57_SCHMA,unreviewed,Uncharacterized protein,,,,,,,,nao_caracterizado
positiva,16,Smp_063530.2,23,22.67910022104541,non_hub,1.3956345001490988,0.9254551906302204,found,A0A3Q0KGW0,A0A3Q0KGW0_SCHMA,unreviewed,Ferritin (EC 1.16.3.1),,intracellular iron ion homeostasis [GO:0006879]; iron ion transport [GO:0006826],ferric iron binding [GO:0008199]; ferrous iron binding [GO:0008198]; ferroxidase activity [GO:0004322],cytoplasm [GO:0005737],"FUNCTION: Stores iron in a soluble, non-toxic, readily available form. Important for iron homeostasis. Has ferroxidase activity. Iron is taken up in the ferrous form and deposited as ferric hydroxides after oxidation. {ECO:0000256|ARBA:ARBA00025111}.; FUNCTION: Stores iron in a soluble, non-toxic, readily available form. Important for iron homeostasis. Iron is taken up in the ferrous form and deposited as ferric hydroxides after oxidation. {ECO:0000256|RuleBase:RU361145}.",IPR001519;IPR012347;IPR009040;IPR009078;IPR008331;,PF00210;,outro_indefinido
positiva,16,Smp_345290.1,23,22.630019089783,non_hub,1.9024200976963983,1.7207889171468962,found,A0A5K4FFZ8,A0A5K4FFZ8_SCHMA,unreviewed,Prp31_C domain-containing protein,,spliceosomal tri-snRNP complex assembly [GO:0000244],,precatalytic spliceosome [GO:0071011]; U4 snRNP [GO:0005687]; U4/U6 x U5 tri-snRNP complex [GO:0046540],,IPR027105;IPR019175;,PF09785;,outro_indefinido
positiva,16,Smp_029210.2,22,21.691668086084565,non_hub,1.2371829809469344,0.7214225319292861,found,A0A5K4EC12,A0A5K4EC12_SCHMA,unreviewed,Putative f-box/leucine rich repeat protein,,SCF-dependent proteasomal ubiquitin-dependent protein catabolic process [GO:0031146],,SCF ubiquitin ligase complex [GO:0019005],,IPR036047;IPR001810;IPR032675;,PF12937;,outro_indefinido
positiva,16,Smp_019690.1,21,20.704231684571027,non_hub,5.117179755781546,0.8796448685226177,found,C4Q2F6,C4Q2F6_SCHMA,unreviewed,Splicing factor U2AF subunit (U2 snRNP auxiliary factor large subunit),,mRNA processing [GO:0006397]; RNA splicing [GO:0008380],RNA binding [GO:0003723],nucleus [GO:0005634],FUNCTION: Necessary for the splicing of pre-mRNA. {ECO:0000256|RuleBase:RU364135}.,IPR012677;IPR035979;IPR000504;IPR006529;,PF00076;,outro_indefinido
positiva,16,Smp_340300.1,21,20.70304615368816,non_hub,3.163202554653359,4.633215156162232,found,A0A5K4FBQ1,A0A5K4FBQ1_SCHMA,unreviewed,Ribosomal protein S6 kinase (EC 2.7.11.1),,intracellular signal transduction [GO:0035556],ATP binding [GO:0005524]; magnesium ion binding [GO:0000287]; protein serine kinase activity [GO:0106310]; protein serine/threonine kinase activity [GO:0004674],,,IPR000961;IPR011009;IPR017892;IPR000719;IPR017441;IPR016239;IPR041906;IPR008271;,PF00069;PF00433;,mitocondria_energia
positiva,16,Smp_194370.1,21,20.69096194633307,non_hub,1.391284540089056,1.008284374098478,found,A0A3Q0KU66,A0A3Q0KU66_SCHMA,unreviewed,Putative vacuolar membrane protein pep11,,endosome organization [GO:0007032]; intracellular protein transport [GO:0006886]; organelle fusion [GO:0048284]; vacuole organization [GO:0007033]; vesicle docking involved in exocytosis [GO:0006904],protein-macromolecule adaptor activity [GO:0030674]; zinc ion binding [GO:0008270],HOPS complex [GO:0030897]; late endosome membrane [GO:0031902],,IPR057308;IPR000547;IPR057307;IPR036322;IPR001841;IPR013083;,PF23341;PF23356;,membrana_superficie
positiva,16,Smp_302870.1,21,20.68543111009913,non_hub,3.149569386895288,4.61740765145396,found,A0A5K4F1U9,A0A5K4F1U9_SCHMA,unreviewed,Uncharacterized protein,,,,,,,,nao_caracterizado
positiva,16,Smp_125250.1,21,20.670769879929978,non_hub,1.5136852206745322,1.2049525833514598,found,A0A3Q0KKS0,A0A3Q0KKS0_SCHMA,unreviewed,UPAR/Ly6 domain-containing protein,,,,,,,,outro_indefinido
positiva,16,Smp_332780.1,19,18.77816075363988,non_hub,1.8962076687015048,1.800709887299889,found,A0A5K4FC06,A0A5K4FC06_SCHMA,unreviewed,Myb/SANT-like DNA-binding domain-containing protein,,,,,,IPR028002;,PF13873;,regulacao_genica
positiva,16,Smp_165350.1,19,18.775997647547992,non_hub,1.6297455017878502,1.3323788908968617,found,A0A5K4EUC0,A0A5K4EUC0_SCHMA,unreviewed,Putative clasp2 protein,,establishment of mitotic spindle localization [GO:0040001]; mitotic spindle assembly [GO:0090307],microtubule binding [GO:0008017],basal cortex [GO:0045180]; cytoplasmic microtubule [GO:0005881]; kinetochore [GO:0000776]; microtubule organizing center [GO:0005815]; mitotic spindle [GO:0072686]; spindle microtubule [GO:0005876],,IPR011989;IPR016024;IPR024395;IPR034085;,PF12348;,outro_indefinido
positiva,16,Smp_332910.2,19,18.76622438305536,non_hub,1.7910753317288926,1.6271881160849748,found,A0A5K4F8D2,A0A5K4F8D2_SCHMA,unreviewed,ANK_REP_REGION domain-containing protein,,signal transduction [GO:0007165],,cytoskeleton [GO:0005856]; membrane [GO:0016020],,IPR002110;IPR036770;IPR040745;IPR011029;IPR000488;IPR051165;IPR000906;,PF00023;PF12796;PF00531;PF17809;PF00791;,outro_indefinido
positiva,16,Smp_205710.1,19,18.717609204305607,non_hub,2.804467907202899,3.540869123828076,found,G4M233,G4M233_SCHMA,unreviewed,Smp_205710,,,,,,,,outro_indefinido
positiva,16,Smp_000790.2,19,18.665815049328195,non_hub,3.658611787905585,1.0053716577140408,found,A0A3Q0KBE1,A0A3Q0KBE1_SCHMA,unreviewed,Actin binding LIM protein family member 2-related,,cytoskeleton organization [GO:0007010]; lamellipodium assembly [GO:0030032],actin filament binding [GO:0051015]; metal ion binding [GO:0046872],actin cytoskeleton [GO:0015629],,IPR051618;IPR003128;IPR036886;IPR001781;,PF00412;PF02209;,outro_indefinido
positiva,16,Smp_244860.1,18,17.770600937297758,non_hub,1.5125559021716617,0.8025176710546716,found,A0A5K4F1J5,A0A5K4F1J5_SCHMA,unreviewed,TLC domain-containing protein,,lipid homeostasis [GO:0055088],,endoplasmic reticulum [GO:0005783]; membrane [GO:0016020],,IPR006634;IPR050846;,PF03798;,lipidios_membrana
positiva,16,Smp_005190.3,17,16.712790942475582,non_hub,1.514376253326685,1.1085623114914658,found,A0A3Q0KBU0,A0A3Q0KBU0_SCHMA,unreviewed,Mitogen-activated protein kinase kinase kinase kinase (EC 2.7.11.1),,,ATP binding [GO:0005524]; MAP kinase kinase kinase kinase activity [GO:0008349]; protein serine kinase activity [GO:0106310],cytoplasm [GO:0005737],FUNCTION: Serine/threonine kinase that plays a role in the response to environmental stress. Appears to act upstream of the JUN N-terminal pathway. {ECO:0000256|PIRNR:PIRNR038172}.,IPR001180;IPR011009;IPR021160;IPR000719;IPR017441;IPR050629;,PF00780;PF00069;,mitocondria_energia
positiva,16,Smp_336340.1,16,15.772240123385782,non_hub,1.859112186007413,0.7073870335431929,found,A0A5K4F9L5,A0A5K4F9L5_SCHMA,unreviewed,TNF receptor-associated factor,,regulation of apoptotic process [GO:0042981]; regulation of canonical NF-kappaB signal transduction [GO:0043122]; signal transduction [GO:0007165],zinc ion binding [GO:0008270],cytoplasm [GO:0005737],,IPR002083;IPR012227;IPR008974;IPR049342;IPR001841;IPR013083;IPR001293;,PF21355;PF02176;,outro_indefinido
positiva,16,Smp_345970.2,16,15.728145751343568,non_hub,1.7555149815546296,1.4685569342979532,found,A0A5K4FGA9,A0A5K4FGA9_SCHMA,unreviewed,BHLH domain-containing protein,,,"DNA-binding transcription factor activity, RNA polymerase II-specific [GO:0000981]; protein dimerization activity [GO:0046983]; RNA polymerase II cis-regulatory region sequence-specific DNA binding [GO:0000978]",nucleus [GO:0005634],,IPR011598;IPR036638;IPR051732;,PF00010;,regulacao_genica
positiva,16,Smp_156910.2,16,15.688024134685808,non_hub,2.853544183779615,3.808321310038137,found,A0A3Q0KQZ8,A0A3Q0KQZ8_SCHMA,unreviewed,DH domain-containing protein,,,,,,,,outro_indefinido
positiva,16,Smp_127870.1,15,14.806789235264938,non_hub,1.194362711339164,0.8029350494179024,found,A0A5K4ELZ8,A0A5K4ELZ8_SCHMA,unreviewed,Putative neurotrimin (HNT),,,,neuron projection [GO:0043005],,IPR007110;IPR036179;IPR013783;IPR003599;IPR003598;IPR051170;,PF13927;,outro_indefinido
positiva,16,Smp_017470.2,15,14.805369801285076,non_hub,2.1397697149653667,2.243509876650707,found,G4LW66,G4LW66_SCHMA,unreviewed,Selenoprotein S,,,,,,,,outro_indefinido
positiva,16,Smp_204420.1,15,14.80472557972946,non_hub,4.392020251946428,10.131252231486297,found,G4LXG4,G4LXG4_SCHMA,unreviewed,Smp_204420,,,,,,,,outro_indefinido
positiva,16,Smp_200460.1,15,14.77153886884422,non_hub,2.209280837912451,0.7290257663192442,found,A0A3Q0KV49,A0A3Q0KV49_SCHMA,unreviewed,SCP domain-containing protein,,,,,,IPR014044;IPR035940;IPR001283;IPR034113;,PF00188;,outro_indefinido
positiva,16,Smp_172510.2,15,14.758618502527854,non_hub,1.6792163047238238,1.5398253171404856,found,A0AA82MUQ3,A0AA82MUQ3_SCHMA,unreviewed,DNAj-related,,,nucleic acid binding [GO:0003676]; zinc ion binding [GO:0008270],cytoplasm [GO:0005737],,IPR051964;IPR001623;IPR036869;IPR003604;IPR022755;IPR036236;IPR013087;IPR054076;,PF00226;PF12171;PF21884;,outro_indefinido
positiva,16,Smp_130520.4,14,13.840224959365296,non_hub,1.2564738139432852,0.7665259246038149,found,A0A5K4EMM8,A0A5K4EMM8_SCHMA,unreviewed,"Prominin (Prom) protein, putative",,,,membrane [GO:0016020],,IPR008795;,PF05478;,outro_indefinido
positiva,16,Smp_317240.1,14,13.823099501958309,non_hub,3.2906562339445475,0.7481687401584428,found,A0A5K4F6M4,A0A5K4F6M4_SCHMA,unreviewed,Glyco_hydro_5_C domain-containing protein,,carbohydrate derivative catabolic process [GO:1901136]; lipid catabolic process [GO:0016042],"hydrolase activity, hydrolyzing O-glycosyl compounds [GO:0004553]",,,IPR017853;IPR041036;IPR013780;IPR052066;,PF18564;,lipidios_membrana
positiva,16,Smp_130470.2,14,13.760842656542884,non_hub,1.5093792905513146,1.0892425230487277,found,A0A3Q0KLR0,A0A3Q0KLR0_SCHMA,unreviewed,PHD-type domain-containing protein,,chromatin organization [GO:0006325],ATP binding [GO:0005524]; DNA binding [GO:0003677]; hydrolase activity [GO:0016787],nucleus [GO:0005634],,IPR006576;IPR037259;IPR051493;IPR016197;IPR000953;IPR023780;IPR014001;IPR001650;IPR056342;IPR027417;IPR038718;IPR049730;IPR000330;,PF07533;PF00385;PF00271;PF23078;PF00176;,regulacao_genica
positiva,17,Smp_245600.2,1,0.9777669993243636,non_hub,0.4920882457650788,0.7531085605748866,found,A0A5K4F0U2,A0A5K4F0U2_SCHMA,unreviewed,Anion exchange protein,,bicarbonate transport [GO:0015701]; monoatomic ion homeostasis [GO:0050801],monoatomic anion transmembrane transporter activity [GO:0008509]; solute:inorganic anion antiporter activity [GO:0005452],plasma membrane [GO:0005886],,IPR013769;IPR011531;IPR003020;IPR016152;,PF07565;PF00955;,membrana_superficie
positiva,17,Smp_319970.1,1,0.9777669993243636,non_hub,0.9060917039888262,1.7159974942354193,found,A0A5K4F8N9,A0A5K4F8N9_SCHMA,unreviewed,EF-hand domain-containing protein,,microtubule-based process [GO:0007017],calcium ion binding [GO:0005509],dynein complex [GO:0030286],,IPR037177;IPR001372;IPR011992;IPR002048;,PF01221;,outro_indefinido
positiva,18,Smp_319930.1,8,7.899984884411399,non_hub,5.602650119516976,14.25152434951182,found,A0A5K4F5A1,A0A5K4F5A1_SCHMA,unreviewed,Secreted protein,,,,,,,,secrecao_interacao_hospedeiro
positiva,18,Smp_322350.1,7,6.937212336133456,non_hub,2.2370131699699844,2.2411356875724726,found,A0A5K4FEL7,A0A5K4FEL7_SCHMA,unreviewed,Heparosan-N-sulfate-glucuronate 5-epimerase,,carbohydrate metabolic process [GO:0005975]; heparan sulfate proteoglycan biosynthetic process [GO:0015012]; heparin proteoglycan biosynthetic process [GO:0030210],heparosan-N-sulfate-glucuronate 5-epimerase activity [GO:0047464],Golgi apparatus [GO:0005794],,IPR008928;IPR010598;IPR039721;,PF06662;,outro_indefinido
positiva,18,Smp_242860.2,7,6.930171213530619,non_hub,2.0285066097317133,1.8394820602664723,found,A0A5K4F114,A0A5K4F114_SCHMA,unreviewed,Trafficking protein particle complex subunit 8,,,,TRAPPIII protein complex [GO:1990072],,IPR058541;IPR058538;IPR024420;,PF24545;PF24544;PF12739;,outro_indefinido
positiva,18,Smp_104500.2,7,6.910964359285564,non_hub,2.317274179507414,2.386963630635073,found,A0A5K4EJ87,A0A5K4EJ87_SCHMA,unreviewed,Phospholipid-transporting ATPase (EC 7.6.2.1),,phospholipid translocation [GO:0045332],ATP binding [GO:0005524]; ATP hydrolysis activity [GO:0016887]; magnesium ion binding [GO:0000287]; phosphatidylserine floppase activity [GO:0090556],plasma membrane [GO:0005886]; trans-Golgi network [GO:0005802],,IPR023299;IPR018303;IPR023298;IPR008250;IPR059000;IPR036412;IPR023214;IPR006539;IPR032631;IPR001757;IPR032630;IPR044492;,PF13246;PF00122;PF16212;PF16209;,mitocondria_energia
positiva,18,Smp_335110.1,7,6.876340968776046,non_hub,3.069432400025124,0.9676145846356652,found,G4LZG1,G4LZG1_SCHMA,unreviewed,"Short chain dehydrogenase,putative",,,oxidoreductase activity [GO:0016491],,,IPR036291;IPR002347;,PF00106;,outro_indefinido
positiva,19,Smp_181730.1,3,2.983930039095624,non_hub,3.7234362104953993,6.841724968523863,found,C4QQC2,C4QQC2_SCHMA,unreviewed,Serine protease,,,,,,,,proteolise
positiva,19,Smp_121990.2,3,2.983088106088595,non_hub,2.6703542991563745,0.9537781861731506,found,A0A3Q0KKE9,A0A3Q0KKE9_SCHMA,unreviewed,Glycerol-3-phosphate dehydrogenase (EC 1.1.5.3),,glycerol-3-phosphate metabolic process [GO:0006072],calcium ion binding [GO:0005509]; glycerol-3-phosphate dehydrogenase (quinone) activity [GO:0004368],mitochondrion [GO:0005739],,IPR031656;IPR038299;IPR011992;IPR018247;IPR002048;IPR006076;IPR036188;IPR000447;,PF01266;PF16901;PF13499;,outro_indefinido
positiva,19,Smp_313630.1,3,2.978530442937749,non_hub,2.2661972192212034,1.0021448376291389,found,A0A5K4F5D2,A0A5K4F5D2_SCHMA,unreviewed,Uncharacterized protein,,,,,,,,nao_caracterizado
positiva,19,Smp_317170.1,3,2.9635057730802363,non_hub,2.364167753653915,3.1009599861895416,found,A0A5K4FDN7,A0A5K4FDN7_SCHMA,unreviewed,Peptidase S1 domain-containing protein,,proteolysis [GO:0006508],serine-type endopeptidase activity [GO:0004252],,,IPR009003;IPR043504;IPR051487;IPR001254;,PF00089;,proteolise
