gene_busca,Entry,Entry Name,Reviewed,Protein names,Gene Names,Organism,Gene Ontology (biological process),Gene Ontology (molecular function),Gene Ontology (cellular component),Function [CC],InterPro,Pfam,annotation_status
Smp_000500,A0A3Q0KBC1,A0A3Q0KBC1_SCHMA,unreviewed,GH97_N domain-containing protein,,Schistosoma mansoni (Blood fluke),,,,,,,found
Smp_000790,A0A3Q0KBE1,A0A3Q0KBE1_SCHMA,unreviewed,Actin binding LIM protein family member 2-related,,Schistosoma mansoni (Blood fluke),cytoskeleton organization [GO:0007010]; lamellipodium assembly [GO:0030032],actin filament binding [GO:0051015]; metal ion binding [GO:0046872],actin cytoskeleton [GO:0015629],,IPR051618;IPR003128;IPR036886;IPR001781;,PF00412;PF02209;,found
Smp_000790,A0A5K4E8J8,A0A5K4E8J8_SCHMA,unreviewed,Actin binding LIM protein family member 2-related,,Schistosoma mansoni (Blood fluke),cytoskeleton organization [GO:0007010]; lamellipodium assembly [GO:0030032],actin filament binding [GO:0051015]; metal ion binding [GO:0046872],actin cytoskeleton [GO:0015629],,IPR051618;IPR003128;IPR036886;IPR001781;,PF00412;PF02209;,found
Smp_004690,A0A5K4E8S2,A0A5K4E8S2_SCHMA,unreviewed,ZZ-type domain-containing protein,,Schistosoma mansoni (Blood fluke),,zinc ion binding [GO:0008270],,,IPR000433;IPR043145;,,found
Smp_004690,G4VD51,G4VD51_SCHMA,unreviewed,ZZ-type domain-containing protein,,Schistosoma mansoni (Blood fluke),,zinc ion binding [GO:0008270],,,IPR000433;IPR043145;,,found
Smp_005190,A0A3Q0KBU0,A0A3Q0KBU0_SCHMA,unreviewed,Mitogen-activated protein kinase kinase kinase kinase (EC 2.7.11.1),,Schistosoma mansoni (Blood fluke),,ATP binding [GO:0005524]; MAP kinase kinase kinase kinase activity [GO:0008349]; protein serine kinase activity [GO:0106310],cytoplasm [GO:0005737],FUNCTION: Serine/threonine kinase that plays a role in the response to environmental stress. Appears to act upstream of the JUN N-terminal pathway. {ECO:0000256|PIRNR:PIRNR038172}.,IPR001180;IPR011009;IPR021160;IPR000719;IPR017441;IPR050629;,PF00780;PF00069;,found
Smp_005190,A0A3Q0KBT9,A0A3Q0KBT9_SCHMA,unreviewed,Mitogen-activated protein kinase kinase kinase kinase (EC 2.7.11.1),,Schistosoma mansoni (Blood fluke),,ATP binding [GO:0005524]; MAP kinase kinase kinase kinase activity [GO:0008349]; protein serine kinase activity [GO:0106310],cytoplasm [GO:0005737],FUNCTION: Serine/threonine kinase that plays a role in the response to environmental stress. Appears to act upstream of the JUN N-terminal pathway. {ECO:0000256|PIRNR:PIRNR038172}.,IPR001180;IPR011009;IPR021160;IPR000719;IPR017441;IPR050629;,PF00780;PF00069;,found
Smp_005190,A0A5K4E8Z6,A0A5K4E8Z6_SCHMA,unreviewed,Mitogen-activated protein kinase kinase kinase kinase (EC 2.7.11.1),,Schistosoma mansoni (Blood fluke),,ATP binding [GO:0005524]; MAP kinase kinase kinase kinase activity [GO:0008349]; protein serine kinase activity [GO:0106310],cytoplasm [GO:0005737],FUNCTION: Serine/threonine kinase that plays a role in the response to environmental stress. Appears to act upstream of the JUN N-terminal pathway. {ECO:0000256|PIRNR:PIRNR038172}.,IPR001180;IPR011009;IPR021160;IPR000719;IPR017441;IPR050629;,PF00780;PF00069;,found
Smp_007630,G4VPZ4,G4VPZ4_SCHMA,unreviewed,Putative polyadenylate binding protein,,Schistosoma mansoni (Blood fluke),,poly(A) binding [GO:0008143],nucleus [GO:0005634],,IPR012677;IPR035979;IPR000504;,PF00076;,found
Smp_007630,G4VPZ5,G4VPZ5_SCHMA,unreviewed,Putative polyadenylate binding protein,,Schistosoma mansoni (Blood fluke),,poly(A) binding [GO:0008143],nucleus [GO:0005634],,IPR012677;IPR035979;IPR000504;,PF00076;,found
Smp_010550,G4VMN2,G4VMN2_SCHMA,unreviewed,Secreted protein,,Schistosoma mansoni (Blood fluke),,,,,,,found
Smp_010550,A0A5K4E9G8,A0A5K4E9G8_SCHMA,unreviewed,Secreted protein,,Schistosoma mansoni (Blood fluke),,,,,,,found
Smp_010550,A0A3Q0KC91,A0A3Q0KC91_SCHMA,unreviewed,Secreted protein,,Schistosoma mansoni (Blood fluke),,,,,,,found
Smp_012350,G4VC55,G4VC55_SCHMA,unreviewed,Venom allergen-like (VAL) 11 protein,,Schistosoma mansoni (Blood fluke),,,,,IPR014044;IPR035940;IPR001283;IPR034113;,PF00188;,found
Smp_012350,G4VC56,G4VC56_SCHMA,unreviewed,Venom allergen-like (VAL) 11 protein,,Schistosoma mansoni (Blood fluke),,,,,IPR014044;IPR035940;IPR001283;IPR034113;,PF00188;,found
Smp_017470,G4LW66,G4LW66_SCHMA,unreviewed,Selenoprotein S,,Schistosoma mansoni (Blood fluke),,,,,,,found
Smp_017710,A0A3Q0KCU2,A0A3Q0KCU2_SCHMA,unreviewed,Putative rab,,Schistosoma mansoni (Blood fluke),endocytic recycling [GO:0032456]; regulation of cytokinesis [GO:0032465],calcium ion binding [GO:0005509],cleavage furrow [GO:0032154]; endocytic vesicle [GO:0030139]; midbody [GO:0030496]; recycling endosome membrane [GO:0055038],,IPR011992;IPR002048;IPR037245;IPR019018;IPR057316;IPR051977;,PF13499;PF25450;PF09457;,found
Smp_017710,A0A5K4EAI3,A0A5K4EAI3_SCHMA,unreviewed,Putative rab,,Schistosoma mansoni (Blood fluke),endocytic recycling [GO:0032456]; regulation of cytokinesis [GO:0032465],calcium ion binding [GO:0005509],cleavage furrow [GO:0032154]; endocytic vesicle [GO:0030139]; midbody [GO:0030496]; recycling endosome membrane [GO:0055038],,IPR011992;IPR002048;IPR037245;IPR019018;IPR057316;IPR051977;,PF13499;PF25450;PF09457;,found
Smp_019690,C4Q2F6,C4Q2F6_SCHMA,unreviewed,Splicing factor U2AF subunit (U2 snRNP auxiliary factor large subunit),,Schistosoma mansoni (Blood fluke),mRNA processing [GO:0006397]; RNA splicing [GO:0008380],RNA binding [GO:0003723],nucleus [GO:0005634],FUNCTION: Necessary for the splicing of pre-mRNA. {ECO:0000256|RuleBase:RU364135}.,IPR012677;IPR035979;IPR000504;IPR006529;,PF00076;,found
Smp_020450,A0A5K4EAY8,A0A5K4EAY8_SCHMA,unreviewed,UBX domain-containing protein,,Schistosoma mansoni (Blood fluke),,,cytoplasm [GO:0005737],,IPR036339;IPR018997;IPR029071;IPR001012;,PF09409;,found
Smp_020450,A0A3Q0KD47,A0A3Q0KD47_SCHMA,unreviewed,UBX domain-containing protein,,Schistosoma mansoni (Blood fluke),,,cytoplasm [GO:0005737],,IPR036339;IPR018997;IPR029071;IPR001012;,PF09409;,found
Smp_022320,A0AA82ME68,A0AA82ME68_SCHMA,unreviewed,Holocytochrome c-type synthase (EC 4.4.1.17),,Schistosoma mansoni (Blood fluke),,holocytochrome-c synthase activity [GO:0004408]; metal ion binding [GO:0046872],mitochondrial inner membrane [GO:0005743],FUNCTION: Lyase that catalyzes the covalent linking of the heme group to the cytochrome C apoprotein to produce the mature functional cytochrome. {ECO:0000256|RuleBase:RU363130}.,IPR000511;,PF01265;,found
Smp_022320,A0A913JUH9,A0A913JUH9_SCHMA,unreviewed,Holocytochrome c-type synthase (EC 4.4.1.17),,Schistosoma mansoni (Blood fluke),,holocytochrome-c synthase activity [GO:0004408]; metal ion binding [GO:0046872],mitochondrial inner membrane [GO:0005743],FUNCTION: Lyase that catalyzes the covalent linking of the heme group to the cytochrome C apoprotein to produce the mature functional cytochrome. {ECO:0000256|RuleBase:RU363130}.,IPR000511;,PF01265;,found
Smp_022320,G4VPI1,G4VPI1_SCHMA,unreviewed,Holocytochrome c-type synthase (EC 4.4.1.17),,Schistosoma mansoni (Blood fluke),,holocytochrome-c synthase activity [GO:0004408]; metal ion binding [GO:0046872],mitochondrial inner membrane [GO:0005743],FUNCTION: Lyase that catalyzes the covalent linking of the heme group to the cytochrome C apoprotein to produce the mature functional cytochrome. {ECO:0000256|RuleBase:RU363130}.,IPR000511;,PF01265;,found
Smp_029210,A0A5K4EC12,A0A5K4EC12_SCHMA,unreviewed,Putative f-box/leucine rich repeat protein,,Schistosoma mansoni (Blood fluke),,,,,IPR036047;IPR001810;IPR032675;,PF12937;,found
Smp_029210,G4VGV1,G4VGV1_SCHMA,unreviewed,Putative f-box/leucine rich repeat protein,,Schistosoma mansoni (Blood fluke),SCF-dependent proteasomal ubiquitin-dependent protein catabolic process [GO:0031146],,SCF ubiquitin ligase complex [GO:0019005],,IPR036047;IPR001810;IPR006553;IPR032675;,PF12937;,found
Smp_032670,A0A3Q0KE60,A0A3Q0KE60_SCHMA,unreviewed,Egg protein C122-like,,Schistosoma mansoni (Blood fluke),,,,,,,found
Smp_032670,A0A3Q0KE31,A0A3Q0KE31_SCHMA,unreviewed,Egg protein C122-like,,Schistosoma mansoni (Blood fluke),,,,,,,found
Smp_032670,A0A5K4EBV4,A0A5K4EBV4_SCHMA,unreviewed,Egg protein C122-like,,Schistosoma mansoni (Blood fluke),,,,,,,found
Smp_040710,A0A5K4EDJ8,A0A5K4EDJ8_SCHMA,unreviewed,Putative dna-directed rna polymerase II 13.3 kD polypeptide,,Schistosoma mansoni (Blood fluke),transcription by RNA polymerase II [GO:0006366],DNA-directed RNA polymerase activity [GO:0003899]; protein dimerization activity [GO:0046983],"RNA polymerase II, core complex [GO:0005665]",,IPR036603;IPR009025;,PF13656;,found
Smp_040710,G4VFR0,G4VFR0_SCHMA,unreviewed,Putative dna-directed rna polymerase II 13.3 kD polypeptide,,Schistosoma mansoni (Blood fluke),transcription by RNA polymerase II [GO:0006366],DNA binding [GO:0003677]; DNA-directed RNA polymerase activity [GO:0003899]; protein dimerization activity [GO:0046983],"RNA polymerase II, core complex [GO:0005665]",,IPR037685;IPR036603;IPR009025;IPR008193;IPR022905;,PF13656;,found
Smp_041500,A0A5K4ED29,A0A5K4ED29_SCHMA,unreviewed,Robl_LC7 domain-containing protein,,Schistosoma mansoni (Blood fluke),regulation of TOR signaling [GO:0032006],,,,IPR015019;,PF08923;,found
Smp_041500,G4LWW9,G4LWW9_SCHMA,unreviewed,Robl_LC7 domain-containing protein,,Schistosoma mansoni (Blood fluke),cellular response to amino acid stimulus [GO:0071230]; positive regulation of TOR signaling [GO:0032008],,Ragulator complex [GO:0071986],,IPR015019;,PF08923;,found
Smp_043500,A0A3Q0KF39,A0A3Q0KF39_SCHMA,unreviewed,RNase_Zc3h12a domain-containing protein,,Schistosoma mansoni (Blood fluke),,mRNA binding [GO:0003729]; RNA endonuclease activity [GO:0004521],cytoplasmic ribonucleoprotein granule [GO:0036464]; nucleus [GO:0005634],,IPR021869;IPR051101;,PF11977;,found
Smp_046060,A0A3Q0KFC9,A0A3Q0KFC9_SCHMA,unreviewed,Paramyosin,,Schistosoma mansoni (Blood fluke),actin filament organization [GO:0007015],actin filament binding [GO:0051015]; ATP binding [GO:0005524]; calmodulin binding [GO:0005516]; microfilament motor activity [GO:0000146],apical part of cell [GO:0045177]; cytoplasm [GO:0005737]; membrane [GO:0016020]; myosin complex [GO:0016459],,IPR036961;IPR001609;IPR008989;IPR002928;IPR027417;IPR004009;,PF00063;PF02736;PF01576;,found
Smp_046060,A0A3Q0KFC2,A0A3Q0KFC2_SCHMA,unreviewed,Paramyosin,,Schistosoma mansoni (Blood fluke),actin filament organization [GO:0007015],actin filament binding [GO:0051015]; ATP binding [GO:0005524]; calmodulin binding [GO:0005516]; microfilament motor activity [GO:0000146],apical part of cell [GO:0045177]; cytoplasm [GO:0005737]; membrane [GO:0016020]; myosin complex [GO:0016459],,IPR036961;IPR001609;IPR008989;IPR002928;IPR027417;IPR004009;,PF00063;PF02736;PF01576;,found
Smp_047870,G4VDM2,G4VDM2_SCHMA,unreviewed,dual-specificity kinase (EC 2.7.12.1),,Schistosoma mansoni (Blood fluke),actin cytoskeleton organization [GO:0030036],ATP binding [GO:0005524]; metal ion binding [GO:0046872]; protein serine/threonine kinase activity [GO:0004674]; protein serine/threonine/tyrosine kinase activity [GO:0004712],cytoplasm [GO:0005737]; nucleus [GO:0005634],,IPR050940;IPR011009;IPR000719;IPR017441;IPR001245;IPR008266;,PF07714;PF00069;,found
Smp_047870,G4VDM1,G4VDM1_SCHMA,unreviewed,dual-specificity kinase (EC 2.7.12.1),,Schistosoma mansoni (Blood fluke),actin cytoskeleton organization [GO:0030036],ATP binding [GO:0005524]; metal ion binding [GO:0046872]; protein serine/threonine kinase activity [GO:0004674]; protein serine/threonine/tyrosine kinase activity [GO:0004712],cytoplasm [GO:0005737]; nucleus [GO:0005634],,IPR050940;IPR011009;IPR000719;IPR017441;IPR001245;IPR008266;,PF07714;PF00069;,found
Smp_048050,A0A3Q0KFJ4,A0A3Q0KFJ4_SCHMA,unreviewed,Putative alpha crystallin A chain; Putative heat shock protein hsp16,,Schistosoma mansoni (Blood fluke),protein refolding [GO:0042026]; response to heat [GO:0009408],unfolded protein binding [GO:0051082],cytoplasm [GO:0005737]; nucleus [GO:0005634],,IPR002068;IPR001436;IPR008978;,PF00011;,found
Smp_049230,A0A3Q0KFJ4,A0A3Q0KFJ4_SCHMA,unreviewed,Putative alpha crystallin A chain; Putative heat shock protein hsp16,,Schistosoma mansoni (Blood fluke),protein refolding [GO:0042026]; response to heat [GO:0009408],unfolded protein binding [GO:0051082],cytoplasm [GO:0005737]; nucleus [GO:0005634],,IPR002068;IPR001436;IPR008978;,PF00011;,found
Smp_051000,A0A3Q0KFS3,A0A3Q0KFS3_SCHMA,unreviewed,Vps54_N domain-containing protein,,Schistosoma mansoni (Blood fluke),"endocytic recycling [GO:0032456]; protein transport [GO:0015031]; retrograde transport, endosome to Golgi [GO:0042147]",SNARE binding [GO:0000149],cytosol [GO:0005829]; EARP complex [GO:1990745],,IPR019514;IPR040047;IPR019515;,PF10474;PF10475;,found
Smp_051000,A0A5K4EDW5,A0A5K4EDW5_SCHMA,unreviewed,Vps54_N domain-containing protein,,Schistosoma mansoni (Blood fluke),"endocytic recycling [GO:0032456]; protein transport [GO:0015031]; retrograde transport, endosome to Golgi [GO:0042147]",SNARE binding [GO:0000149],cytosol [GO:0005829]; EARP complex [GO:1990745],,IPR019514;IPR040047;IPR019515;,PF10474;PF10475;,found
Smp_051670,A0A3Q0KFU6,A0A3Q0KFU6_SCHMA,unreviewed,Secreted protein,,Schistosoma mansoni (Blood fluke),,,,,,,found
Smp_054620,A0A3Q0KG26,A0A3Q0KG26_SCHMA,unreviewed,Uncharacterized protein,,Schistosoma mansoni (Blood fluke),cilium assembly [GO:0060271],,ciliary transition zone [GO:0035869]; membrane [GO:0016020],FUNCTION: Component of the transition zone in primary cilia. Required for ciliogenesis. {ECO:0000256|ARBA:ARBA00025631}.,IPR029409;,PF15383;,found
Smp_054620,A0A5K4EE81,A0A5K4EE81_SCHMA,unreviewed,Uncharacterized protein,,Schistosoma mansoni (Blood fluke),cilium assembly [GO:0060271],,ciliary transition zone [GO:0035869]; membrane [GO:0016020],FUNCTION: Component of the transition zone in primary cilia. Required for ciliogenesis. {ECO:0000256|ARBA:ARBA00025631}.,IPR029409;,PF15383;,found
Smp_055090,G4VH77,G4VH77_SCHMA,unreviewed,Putative chromatin regulatory protein sir2,,Schistosoma mansoni (Blood fluke),,"histone deacetylase activity, NAD-dependent [GO:0017136]; metal ion binding [GO:0046872]; NAD+ binding [GO:0070403]; protein-malonyllysine demalonylase activity [GO:0036054]; protein-succinyllysine desuccinylase activity [GO:0036055]",nucleus [GO:0005634],,IPR029035;IPR050134;IPR003000;IPR026591;IPR027546;IPR026590;,PF02146;,found
Smp_055090,A0A3Q0KG50,A0A3Q0KG50_SCHMA,unreviewed,Putative chromatin regulatory protein sir2,,Schistosoma mansoni (Blood fluke),,"histone deacetylase activity, NAD-dependent [GO:0017136]; metal ion binding [GO:0046872]; NAD+ binding [GO:0070403]",nucleus [GO:0005634],,IPR029035;IPR050134;IPR003000;IPR026591;IPR026590;,PF02146;,found
Smp_055090,A0A5K4EFD9,A0A5K4EFD9_SCHMA,unreviewed,Putative chromatin regulatory protein sir2,,Schistosoma mansoni (Blood fluke),,"histone deacetylase activity, NAD-dependent [GO:0017136]; metal ion binding [GO:0046872]; NAD+ binding [GO:0070403]",nucleus [GO:0005634],,IPR029035;IPR050134;IPR003000;IPR026591;IPR026590;,PF02146;,found
Smp_055870,Q26586,Q26586_SCHMA,unreviewed,Vesicle-associated membrane protein 7 (Synaptobrevin-like protein 1),IMP25,Schistosoma mansoni (Blood fluke),protein transport [GO:0015031]; vesicle-mediated transport [GO:0016192],,endoplasmic reticulum membrane [GO:0005789]; Golgi apparatus [GO:0005794]; late endosome membrane [GO:0031902]; lysosomal membrane [GO:0005765]; phagocytic vesicle membrane [GO:0030670]; transport vesicle membrane [GO:0030658],,IPR010908;IPR001388;IPR051097;IPR042855;,PF00957;,found
Smp_056460,A0A5K4EFL6,A0A5K4EFL6_SCHMA,unreviewed,Uncharacterized protein,,Schistosoma mansoni (Blood fluke),,,,,,,found
Smp_056460,A0A3Q0KG93,A0A3Q0KG93_SCHMA,unreviewed,Uncharacterized protein,,Schistosoma mansoni (Blood fluke),,,,,,,found
Smp_058140,G4VK44,G4VK44_SCHMA,unreviewed,Protein-L-isoaspartate O-methyltransferase (EC 2.1.1.77),,Schistosoma mansoni (Blood fluke),methylation [GO:0032259],protein-L-isoaspartate (D-aspartate) O-methyltransferase activity [GO:0004719],cytoplasm [GO:0005737],,IPR000682;IPR029063;,PF01135;,found
Smp_058140,A0A3Q0KGC9,A0A3Q0KGC9_SCHMA,unreviewed,Protein-L-isoaspartate O-methyltransferase (EC 2.1.1.77),,Schistosoma mansoni (Blood fluke),methylation [GO:0032259],protein-L-isoaspartate (D-aspartate) O-methyltransferase activity [GO:0004719],cytoplasm [GO:0005737],,IPR000682;IPR029063;,PF01135;,found
Smp_058140,G4VK45,G4VK45_SCHMA,unreviewed,Protein-L-isoaspartate O-methyltransferase (EC 2.1.1.77),,Schistosoma mansoni (Blood fluke),methylation [GO:0032259],protein-L-isoaspartate (D-aspartate) O-methyltransferase activity [GO:0004719],cytoplasm [GO:0005737],,IPR000682;IPR029063;,PF01135;,found
Smp_060620,A0A3Q0KGL8,A0A3Q0KGL8_SCHMA,unreviewed,5'-nucleotidase (EC 3.1.3.5),,Schistosoma mansoni (Blood fluke),nucleotide metabolic process [GO:0009117],5'-nucleotidase activity [GO:0008253]; magnesium ion binding [GO:0000287]; nucleotide binding [GO:0000166],cytoplasm [GO:0005737],,IPR036412;IPR023214;IPR006434;,PF05822;,found
Smp_063530,A0A3Q0KGW0,A0A3Q0KGW0_SCHMA,unreviewed,Ferritin (EC 1.16.3.1),,Schistosoma mansoni (Blood fluke),intracellular iron ion homeostasis [GO:0006879]; iron ion transport [GO:0006826],ferric iron binding [GO:0008199]; ferrous iron binding [GO:0008198]; ferroxidase activity [GO:0004322],cytoplasm [GO:0005737],"FUNCTION: Stores iron in a soluble, non-toxic, readily available form. Important for iron homeostasis. Has ferroxidase activity. Iron is taken up in the ferrous form and deposited as ferric hydroxides after oxidation. {ECO:0000256|ARBA:ARBA00025111}.; FUNCTION: Stores iron in a soluble, non-toxic, readily available form. Important for iron homeostasis. Iron is taken up in the ferrous form and deposited as ferric hydroxides after oxidation. {ECO:0000256|RuleBase:RU361145}.",IPR001519;IPR012347;IPR009040;IPR009078;IPR008331;,PF00210;,found
Smp_063530,A0A3Q0KGV9,A0A3Q0KGV9_SCHMA,unreviewed,Ferritin (EC 1.16.3.1),,Schistosoma mansoni (Blood fluke),intracellular iron ion homeostasis [GO:0006879]; iron ion transport [GO:0006826],ferric iron binding [GO:0008199]; ferrous iron binding [GO:0008198]; ferroxidase activity [GO:0004322],cytoplasm [GO:0005737],"FUNCTION: Stores iron in a soluble, non-toxic, readily available form. Important for iron homeostasis. Has ferroxidase activity. Iron is taken up in the ferrous form and deposited as ferric hydroxides after oxidation. {ECO:0000256|ARBA:ARBA00025111}.; FUNCTION: Stores iron in a soluble, non-toxic, readily available form. Important for iron homeostasis. Iron is taken up in the ferrous form and deposited as ferric hydroxides after oxidation. {ECO:0000256|RuleBase:RU361145}.",IPR001519;IPR012347;IPR009040;IPR009078;IPR008331;,PF00210;,found
Smp_082410,G4VGH8,G4VGH8_SCHMA,unreviewed,Syntaxin,,Schistosoma mansoni (Blood fluke),,,,,,,found
Smp_084180,A0A3Q0KIL1,A0A3Q0KIL1_SCHMA,unreviewed,Putative ribonucleoprotein A1b,,Schistosoma mansoni (Blood fluke),,,,,,,found
Smp_085830,A0A3Q0KIM4,A0A3Q0KIM4_SCHMA,unreviewed,Transmembrane protein,,Schistosoma mansoni (Blood fluke),,,lysosomal membrane [GO:0005765],,IPR008853;,PF05434;,found
Smp_088420,A0A3Q0KIV2,A0A3Q0KIV2_SCHMA,unreviewed,Uncharacterized protein,,Schistosoma mansoni (Blood fluke),,,,,,,found
Smp_088420,A0A5K4EIJ7,A0A5K4EIJ7_SCHMA,unreviewed,Uncharacterized protein,,Schistosoma mansoni (Blood fluke),,,,,,,found
Smp_093430,A0A3Q0KJ79,A0A3Q0KJ79_SCHMA,unreviewed,Putative gyf domain,,Schistosoma mansoni (Blood fluke),,,,,IPR003169;IPR035445;,PF02213;,found
Smp_093430,A0AA82MKC8,A0AA82MKC8_SCHMA,unreviewed,Putative gyf domain,,Schistosoma mansoni (Blood fluke),,,,,IPR003169;IPR035445;,PF02213;,found
Smp_104500,A0A5K4EJ87,A0A5K4EJ87_SCHMA,unreviewed,Phospholipid-transporting ATPase (EC 7.6.2.1),,Schistosoma mansoni (Blood fluke),phospholipid translocation [GO:0045332],ATP binding [GO:0005524]; ATP hydrolysis activity [GO:0016887]; magnesium ion binding [GO:0000287]; phosphatidylserine floppase activity [GO:0090556],plasma membrane [GO:0005886]; trans-Golgi network [GO:0005802],,IPR023299;IPR018303;IPR023298;IPR008250;IPR059000;IPR036412;IPR023214;IPR006539;IPR032631;IPR001757;IPR032630;IPR044492;,PF13246;PF00122;PF16212;PF16209;,found
Smp_104500,A0A5K4EK18,A0A5K4EK18_SCHMA,unreviewed,Phospholipid-transporting ATPase (EC 7.6.2.1),,Schistosoma mansoni (Blood fluke),phospholipid translocation [GO:0045332],ATP binding [GO:0005524]; ATP hydrolysis activity [GO:0016887]; magnesium ion binding [GO:0000287]; phosphatidylserine floppase activity [GO:0090556],plasma membrane [GO:0005886]; trans-Golgi network [GO:0005802],,IPR023299;IPR018303;IPR023298;IPR008250;IPR059000;IPR036412;IPR023214;IPR006539;IPR032631;IPR001757;IPR032630;IPR044492;,PF13246;PF00122;PF16212;PF16209;,found
Smp_104500,A0A3Q0KJY3,A0A3Q0KJY3_SCHMA,unreviewed,Phospholipid-transporting ATPase (EC 7.6.2.1),,Schistosoma mansoni (Blood fluke),phospholipid translocation [GO:0045332],ATP binding [GO:0005524]; ATP hydrolysis activity [GO:0016887]; magnesium ion binding [GO:0000287]; phosphatidylserine floppase activity [GO:0090556],plasma membrane [GO:0005886]; trans-Golgi network [GO:0005802],,IPR023299;IPR018303;IPR023298;IPR008250;IPR059000;IPR036412;IPR023214;IPR006539;IPR032631;IPR001757;IPR032630;IPR044492;,PF13246;PF00122;PF16212;PF16209;,found
Smp_105180,G4VE41,G4VE41_SCHMA,unreviewed,Putative pre-mRNA-splicing factor CWC25,,Schistosoma mansoni (Blood fluke),"mRNA splicing, via spliceosome [GO:0000398]",,U2-type spliceosomal complex [GO:0005684],,IPR022209;IPR051376;,PF12542;,found
Smp_121990,A0A3Q0KKE9,A0A3Q0KKE9_SCHMA,unreviewed,Glycerol-3-phosphate dehydrogenase (EC 1.1.5.3),,Schistosoma mansoni (Blood fluke),glycerol-3-phosphate metabolic process [GO:0006072],calcium ion binding [GO:0005509]; glycerol-3-phosphate dehydrogenase (quinone) activity [GO:0004368],mitochondrion [GO:0005739],,IPR031656;IPR038299;IPR011992;IPR018247;IPR002048;IPR006076;IPR036188;IPR000447;,PF01266;PF16901;PF13499;,found
Smp_121990,A0A5K4EKL2,A0A5K4EKL2_SCHMA,unreviewed,Glycerol-3-phosphate dehydrogenase (EC 1.1.5.3),,Schistosoma mansoni (Blood fluke),glycerol-3-phosphate metabolic process [GO:0006072],calcium ion binding [GO:0005509]; glycerol-3-phosphate dehydrogenase (quinone) activity [GO:0004368],mitochondrion [GO:0005739],,IPR031656;IPR038299;IPR011992;IPR018247;IPR002048;IPR006076;IPR036188;IPR000447;,PF01266;PF16901;PF13499;,found
Smp_122790,A0A3Q0KKF0,A0A3Q0KKF0_SCHMA,unreviewed,Expressed conserved protein,,Schistosoma mansoni (Blood fluke),,,,,,,found
Smp_122790,A0AA82MLT7,A0AA82MLT7_SCHMA,unreviewed,Expressed conserved protein,,Schistosoma mansoni (Blood fluke),,,,,,,found
Smp_125250,A0A3Q0KKS0,A0A3Q0KKS0_SCHMA,unreviewed,UPAR/Ly6 domain-containing protein,,Schistosoma mansoni (Blood fluke),,,,,,,found
Smp_127870,A0A5K4ELZ8,A0A5K4ELZ8_SCHMA,unreviewed,Putative neurotrimin (HNT),,Schistosoma mansoni (Blood fluke),,,neuron projection [GO:0043005],,IPR007110;IPR036179;IPR013783;IPR003599;IPR003598;IPR051170;,PF13927;,found
Smp_127870,A0A3Q0KLA3,A0A3Q0KLA3_SCHMA,unreviewed,Putative neurotrimin (HNT),,Schistosoma mansoni (Blood fluke),,,neuron projection [GO:0043005],,IPR007110;IPR036179;IPR013783;IPR003599;IPR003598;IPR051170;,PF13927;,found
Smp_129410,A0A5K4ELF1,A0A5K4ELF1_SCHMA,unreviewed,Uncharacterized protein,,Schistosoma mansoni (Blood fluke),,,,,,,found
Smp_129410,A0A3Q0KLF4,A0A3Q0KLF4_SCHMA,unreviewed,EB1 C-terminal domain-containing protein,,Schistosoma mansoni (Blood fluke),,,,,,,found
Smp_129410,A0A5K4EMG5,A0A5K4EMG5_SCHMA,unreviewed,Uncharacterized protein,,Schistosoma mansoni (Blood fluke),,,,,,,found
Smp_130470,A0A3Q0KLR0,A0A3Q0KLR0_SCHMA,unreviewed,PHD-type domain-containing protein,,Schistosoma mansoni (Blood fluke),chromatin organization [GO:0006325],ATP binding [GO:0005524]; DNA binding [GO:0003677]; hydrolase activity [GO:0016787],nucleus [GO:0005634],,IPR006576;IPR037259;IPR051493;IPR016197;IPR000953;IPR023780;IPR014001;IPR001650;IPR056342;IPR027417;IPR038718;IPR049730;IPR000330;,PF07533;PF00385;PF00271;PF23078;PF00176;,found
Smp_130470,A0A5K4ELM5,A0A5K4ELM5_SCHMA,unreviewed,PHD-type domain-containing protein,,Schistosoma mansoni (Blood fluke),chromatin organization [GO:0006325],ATP binding [GO:0005524]; DNA binding [GO:0003677]; hydrolase activity [GO:0016787],nucleus [GO:0005634],,IPR006576;IPR037259;IPR051493;IPR016197;IPR000953;IPR023780;IPR014001;IPR001650;IPR056342;IPR027417;IPR038718;IPR049730;IPR000330;,PF07533;PF00385;PF00271;PF23078;PF00176;,found
Smp_130520,A0A5K4EMM8,A0A5K4EMM8_SCHMA,unreviewed,"Prominin (Prom) protein, putative",,Schistosoma mansoni (Blood fluke),,,membrane [GO:0016020],,IPR008795;,PF05478;,found
Smp_130520,A0A5K4ELR1,A0A5K4ELR1_SCHMA,unreviewed,"Prominin (Prom) protein, putative",,Schistosoma mansoni (Blood fluke),,,membrane [GO:0016020],,IPR008795;,PF05478;,found
Smp_130520,A0A5K4EMR5,A0A5K4EMR5_SCHMA,unreviewed,"Prominin (Prom) protein, putative",,Schistosoma mansoni (Blood fluke),,,membrane [GO:0016020],,IPR008795;,PF05478;,found
Smp_133860,G4VNG8,G4VNG8_SCHMA,unreviewed,Mediator of RNA polymerase II transcription subunit 18 (Mediator complex subunit 18),MED18,Schistosoma mansoni (Blood fluke),regulation of transcription by RNA polymerase II [GO:0006357]; termination of RNA polymerase II transcription [GO:0006369],transcription coregulator activity [GO:0003712],core mediator complex [GO:0070847]; mediator complex [GO:0016592],"FUNCTION: Component of the Mediator complex, a coactivator involved in the regulated transcription of nearly all RNA polymerase II-dependent genes. Mediator functions as a bridge to convey information from gene-specific regulatory proteins to the basal RNA polymerase II transcription machinery. Mediator is recruited to promoters by direct interactions with regulatory proteins and serves as a scaffold for the assembly of a functional preinitiation complex with RNA polymerase II and the general transcription factors. {ECO:0000256|RuleBase:RU364150}.",IPR019095;,PF09637;,found
Smp_134410,A0A3Q0KME4,A0A3Q0KME4_SCHMA,unreviewed,Putative monocarboxylate transporter,,Schistosoma mansoni (Blood fluke),,monocarboxylic acid transmembrane transporter activity [GO:0008028],,,IPR036259;IPR050327;,,found
Smp_134410,A0A5K4EMK9,A0A5K4EMK9_SCHMA,unreviewed,Putative monocarboxylate transporter,,Schistosoma mansoni (Blood fluke),,monocarboxylic acid transmembrane transporter activity [GO:0008028],membrane [GO:0016020],,IPR011701;IPR020846;IPR036259;IPR050327;,PF07690;,found
Smp_134410,A0A3Q0KM76,A0A3Q0KM76_SCHMA,unreviewed,Putative monocarboxylate transporter,,Schistosoma mansoni (Blood fluke),,monocarboxylic acid transmembrane transporter activity [GO:0008028],membrane [GO:0016020],,IPR011701;IPR020846;IPR036259;IPR050327;,PF07690;,found
Smp_139080,A0A3Q0KN00,A0A3Q0KN00_SCHMA,unreviewed,Bestrophin homolog,,Schistosoma mansoni (Blood fluke),,chloride channel activity [GO:0005254],chloride channel complex [GO:0034707]; plasma membrane [GO:0005886],FUNCTION: Forms chloride channels. {ECO:0000256|RuleBase:RU363126}.,IPR000615;IPR021134;,PF01062;,found
Smp_139080,A0A5K4ENN3,A0A5K4ENN3_SCHMA,unreviewed,Bestrophin homolog,,Schistosoma mansoni (Blood fluke),,chloride channel activity [GO:0005254],chloride channel complex [GO:0034707]; plasma membrane [GO:0005886],FUNCTION: Forms chloride channels. {ECO:0000256|RuleBase:RU363126}.,IPR000615;IPR021134;,PF01062;,found
Smp_140260,A0A5K4EPR2,A0A5K4EPR2_SCHMA,unreviewed,CARD domain-containing protein,,Schistosoma mansoni (Blood fluke),apoptotic process [GO:0006915]; regulation of apoptotic process [GO:0042981],ADP binding [GO:0043531],cytosol [GO:0005829],,IPR041452;IPR001315;IPR011029;IPR027417;IPR015943;IPR036322;IPR001680;IPR036388;,PF17908;PF00619;PF00400;,found
Smp_140260,A0A3Q0KNB0,A0A3Q0KNB0_SCHMA,unreviewed,CARD domain-containing protein,,Schistosoma mansoni (Blood fluke),apoptotic process [GO:0006915]; regulation of apoptotic process [GO:0042981],ADP binding [GO:0043531],cytosol [GO:0005829],,IPR041452;IPR001315;IPR011029;IPR027417;IPR015943;IPR036322;IPR001680;IPR036388;,PF17908;PF00619;PF00400;,found
Smp_141010,A0A5K4EP41,A0A5K4EP41_SCHMA,unreviewed,Fer-1-related,,Schistosoma mansoni (Blood fluke),plasma membrane organization [GO:0007009],metal ion binding [GO:0046872],cytoplasmic vesicle membrane [GO:0030659]; plasma membrane [GO:0005886],,IPR000008;IPR035892;IPR037720;IPR037722;IPR037723;IPR037724;IPR037725;IPR012968;IPR037721;IPR012560;IPR012561;IPR032362;IPR055072;IPR006614;,PF00168;PF22901;PF08165;PF08150;PF08151;PF16165;,found
Smp_141010,A0A5K4EQ24,A0A5K4EQ24_SCHMA,unreviewed,Fer-1-related,,Schistosoma mansoni (Blood fluke),plasma membrane organization [GO:0007009],metal ion binding [GO:0046872],cytoplasmic vesicle membrane [GO:0030659]; plasma membrane [GO:0005886],,IPR000008;IPR035892;IPR037720;IPR037722;IPR037723;IPR037724;IPR037725;IPR012968;IPR037721;IPR012560;IPR012561;IPR032362;IPR055072;IPR006614;,PF00168;PF22901;PF08165;PF08150;PF08151;PF16165;,found
Smp_141010,A0A5K4EPJ1,A0A5K4EPJ1_SCHMA,unreviewed,Fer-1-related,,Schistosoma mansoni (Blood fluke),plasma membrane organization [GO:0007009],metal ion binding [GO:0046872],cytoplasmic vesicle membrane [GO:0030659]; plasma membrane [GO:0005886],,IPR000008;IPR035892;IPR037720;IPR037722;IPR037723;IPR037724;IPR037725;IPR012968;IPR037721;IPR012560;IPR012561;IPR032362;IPR055072;IPR006614;,PF00168;PF22901;PF08165;PF08150;PF08151;PF16165;,found
Smp_146150,A0A3Q0KPB4,A0A3Q0KPB4_SCHMA,unreviewed,GTP-binding protein Di-Ras2,,Schistosoma mansoni (Blood fluke),,GTP binding [GO:0005525]; GTPase activity [GO:0003924],plasma membrane [GO:0005886],,IPR027417;IPR005225;IPR001806;IPR052236;,PF00071;,found
Smp_149380,A0A3Q0KPL9,A0A3Q0KPL9_SCHMA,unreviewed,SET domain-containing protein,,Schistosoma mansoni (Blood fluke),methylation [GO:0032259],protein-lysine N-methyltransferase activity [GO:0016279],,,IPR001214;IPR046341;IPR050600;,,found
Smp_149380,A0A5K4ESV7,A0A5K4ESV7_SCHMA,unreviewed,SET domain-containing protein,,Schistosoma mansoni (Blood fluke),methylation [GO:0032259],protein-lysine N-methyltransferase activity [GO:0016279],,,IPR001214;IPR046341;IPR050600;,,found
Smp_150000,G4VI25,G4VI25_SCHMA,unreviewed,Gag protein,,Schistosoma mansoni (Blood fluke),,,,,IPR055469;,PF23055;,found
Smp_150080,A0A3Q0KPL1,A0A3Q0KPL1_SCHMA,unreviewed,Transducin-like enhancer protein 1,,Schistosoma mansoni (Blood fluke),negative regulation of canonical Wnt signaling pathway [GO:0090090],transcription corepressor activity [GO:0003714],nucleus [GO:0005634]; transcription regulator complex [GO:0005667],,IPR005617;IPR009146;IPR015943;IPR036322;IPR001680;,PF03920;PF00400;,found
Smp_150080,A0A5K4ET10,A0A5K4ET10_SCHMA,unreviewed,Transducin-like enhancer protein 1,,Schistosoma mansoni (Blood fluke),negative regulation of canonical Wnt signaling pathway [GO:0090090],transcription corepressor activity [GO:0003714],nucleus [GO:0005634]; transcription regulator complex [GO:0005667],,IPR005617;IPR009146;IPR015943;IPR036322;IPR001680;,PF03920;PF00400;,found
Smp_150080,A0A5K4ERP3,A0A5K4ERP3_SCHMA,unreviewed,Transducin-like enhancer protein 1,,Schistosoma mansoni (Blood fluke),negative regulation of canonical Wnt signaling pathway [GO:0090090],transcription corepressor activity [GO:0003714],nucleus [GO:0005634]; transcription regulator complex [GO:0005667],,IPR005617;IPR009146;IPR015943;IPR036322;IPR001680;,PF03920;PF00400;,found
Smp_150230,A0A3Q0KPY3,A0A3Q0KPY3_SCHMA,unreviewed,Putative cation efflux protein/ zinc transporter,,Schistosoma mansoni (Blood fluke),,monoatomic cation transmembrane transporter activity [GO:0008324],membrane [GO:0016020],,IPR002524;IPR058533;IPR027469;IPR050291;,PF01545;,found
Smp_150230,A0A5K4ERI6,A0A5K4ERI6_SCHMA,unreviewed,Putative cation efflux protein/ zinc transporter,,Schistosoma mansoni (Blood fluke),,monoatomic cation transmembrane transporter activity [GO:0008324],membrane [GO:0016020],,IPR002524;IPR058533;IPR027469;IPR050291;,PF01545;,found
Smp_152630,A0A3Q0KQ41,A0A3Q0KQ41_SCHMA,unreviewed,MEG-12,,Schistosoma mansoni (Blood fluke),,,,,,,found
Smp_154900,G4VBQ4,G4VBQ4_SCHMA,unreviewed,Putative rhogap protein,,Schistosoma mansoni (Blood fluke),,,,,,,found
Smp_155320,A0A3Q0KQI4,A0A3Q0KQI4_SCHMA,unreviewed,Tetraspanin,,Schistosoma mansoni (Blood fluke),,,membrane [GO:0016020],,IPR018499;IPR008952;,PF00335;,found
Smp_156910,A0A3Q0KQZ8,A0A3Q0KQZ8_SCHMA,unreviewed,DH domain-containing protein,,Schistosoma mansoni (Blood fluke),,,,,,,found
Smp_156910,A0A5K4ETM9,A0A5K4ETM9_SCHMA,unreviewed,DH domain-containing protein,,Schistosoma mansoni (Blood fluke),,,,,,,found
Smp_156910,A0A5K4EUL8,A0A5K4EUL8_SCHMA,unreviewed,DH domain-containing protein,,Schistosoma mansoni (Blood fluke),,,,,,,found
Smp_163570,A0A5K4EV29,A0A5K4EV29_SCHMA,unreviewed,Ryanodine receptor related,,Schistosoma mansoni (Blood fluke),intracellular calcium ion homeostasis [GO:0006874]; release of sequestered calcium ion into cytosol by sarcoplasmic reticulum [GO:0014808]; striated muscle contraction [GO:0006941],calcium ion binding [GO:0005509]; ryanodine-sensitive calcium-release channel activity [GO:0005219],calcium channel complex [GO:0034704]; sarcolemma [GO:0042383]; sarcoplasmic reticulum membrane [GO:0033017]; smooth endoplasmic reticulum [GO:0005790]; Z disc [GO:0030018],,IPR001870;IPR043136;IPR013320;IPR011992;IPR018247;IPR002048;IPR014821;IPR005821;IPR036300;IPR016093;IPR013662;IPR000699;IPR013333;IPR015925;IPR003032;IPR009460;IPR048581;IPR035910;IPR035761;IPR035764;IPR003877;,PF13499;PF08709;PF00520;PF02815;PF08454;PF06459;PF01365;PF21119;PF02026;PF00622;,found
Smp_163570,A0A3Q0KS03,A0A3Q0KS03_SCHMA,unreviewed,Ryanodine receptor related,,Schistosoma mansoni (Blood fluke),intracellular calcium ion homeostasis [GO:0006874]; release of sequestered calcium ion into cytosol by sarcoplasmic reticulum [GO:0014808]; striated muscle contraction [GO:0006941],calcium ion binding [GO:0005509]; ryanodine-sensitive calcium-release channel activity [GO:0005219],calcium channel complex [GO:0034704]; sarcolemma [GO:0042383]; sarcoplasmic reticulum membrane [GO:0033017]; smooth endoplasmic reticulum [GO:0005790]; Z disc [GO:0030018],,IPR001870;IPR043136;IPR013320;IPR011992;IPR018247;IPR002048;IPR014821;IPR005821;IPR036300;IPR016093;IPR013662;IPR000699;IPR013333;IPR015925;IPR003032;IPR009460;IPR048581;IPR035910;IPR035761;IPR035764;IPR003877;,PF13499;PF08709;PF00520;PF02815;PF08454;PF06459;PF01365;PF21119;PF02026;PF00622;,found
Smp_165350,A0A5K4EUC0,A0A5K4EUC0_SCHMA,unreviewed,Putative clasp2 protein,,Schistosoma mansoni (Blood fluke),establishment of mitotic spindle localization [GO:0040001]; mitotic spindle assembly [GO:0090307],microtubule binding [GO:0008017],basal cortex [GO:0045180]; cytoplasmic microtubule [GO:0005881]; kinetochore [GO:0000776]; microtubule organizing center [GO:0005815]; mitotic spindle [GO:0072686]; spindle microtubule [GO:0005876],,IPR011989;IPR016024;IPR024395;IPR034085;,PF12348;,found
Smp_165350,A0A5K4EUM0,A0A5K4EUM0_SCHMA,unreviewed,Putative clasp2 protein,,Schistosoma mansoni (Blood fluke),establishment of mitotic spindle localization [GO:0040001]; mitotic spindle assembly [GO:0090307],microtubule binding [GO:0008017],basal cortex [GO:0045180]; cytoplasmic microtubule [GO:0005881]; kinetochore [GO:0000776]; microtubule organizing center [GO:0005815]; mitotic spindle [GO:0072686]; spindle microtubule [GO:0005876],,IPR011989;IPR016024;IPR024395;IPR034085;,PF12348;,found
Smp_165350,A0A3Q0KRU8,A0A3Q0KRU8_SCHMA,unreviewed,Putative clasp2 protein,,Schistosoma mansoni (Blood fluke),establishment of mitotic spindle localization [GO:0040001]; mitotic spindle assembly [GO:0090307],microtubule binding [GO:0008017],basal cortex [GO:0045180]; cytoplasmic microtubule [GO:0005881]; kinetochore [GO:0000776]; microtubule organizing center [GO:0005815]; mitotic spindle [GO:0072686]; spindle microtubule [GO:0005876],,IPR011989;IPR016024;IPR024395;IPR034085;,PF12348;,found
Smp_170770,A0A3Q0KT42,A0A3Q0KT42_SCHMA,unreviewed,Rab GTPase,,Schistosoma mansoni (Blood fluke),,GTP binding [GO:0005525]; GTPase activity [GO:0003924],,,IPR027417;IPR001806;,PF00071;,found
Smp_170770,A0A5K4EWJ0,A0A5K4EWJ0_SCHMA,unreviewed,Rab GTPase,,Schistosoma mansoni (Blood fluke),,GTP binding [GO:0005525]; GTPase activity [GO:0003924],,,IPR027417;IPR001806;,PF00071;,found
Smp_170910,A0A5K4EWJ8,A0A5K4EWJ8_SCHMA,unreviewed,RFX-type winged-helix domain-containing protein,,Schistosoma mansoni (Blood fluke),,"DNA-binding transcription factor activity, RNA polymerase II-specific [GO:0000981]; RNA polymerase II cis-regulatory region sequence-specific DNA binding [GO:0000978]",nucleus [GO:0005634],,IPR003150;IPR039779;IPR057321;IPR036388;IPR036390;,PF25340;PF02257;,found
Smp_170910,A0A3Q0KST6,A0A3Q0KST6_SCHMA,unreviewed,RFX-type winged-helix domain-containing protein,,Schistosoma mansoni (Blood fluke),,"DNA-binding transcription factor activity, RNA polymerase II-specific [GO:0000981]; RNA polymerase II cis-regulatory region sequence-specific DNA binding [GO:0000978]",nucleus [GO:0005634],,IPR003150;IPR039779;IPR057321;IPR036388;IPR036390;,PF25340;PF02257;,found
Smp_171140,A0A3Q0KSR8,A0A3Q0KSR8_SCHMA,unreviewed,Putative serine-rich repeat protein,,Schistosoma mansoni (Blood fluke),,,,,,,found
Smp_171140,A0A5K4EVL6,A0A5K4EVL6_SCHMA,unreviewed,Putative serine-rich repeat protein,,Schistosoma mansoni (Blood fluke),,,,,,,found
Smp_172510,A0AA82MUQ3,A0AA82MUQ3_SCHMA,unreviewed,DNAj-related,,Schistosoma mansoni (Blood fluke),,nucleic acid binding [GO:0003676]; zinc ion binding [GO:0008270],cytoplasm [GO:0005737],,IPR051964;IPR001623;IPR036869;IPR003604;IPR022755;IPR036236;IPR013087;IPR054076;,PF00226;PF12171;PF21884;,found
Smp_172510,A0A3Q0KTE2,A0A3Q0KTE2_SCHMA,unreviewed,DNAj-related,,Schistosoma mansoni (Blood fluke),,nucleic acid binding [GO:0003676]; zinc ion binding [GO:0008270],cytoplasm [GO:0005737],,IPR051964;IPR001623;IPR036869;IPR003604;IPR022755;IPR036236;IPR013087;IPR054076;,PF00226;PF12171;PF21884;,found
Smp_173320,A0A3Q0KT76,A0A3Q0KT76_SCHMA,unreviewed,Tubulin tyrosine ligase-related,,Schistosoma mansoni (Blood fluke),,,cytoplasm [GO:0005737],,IPR057954;IPR004344;IPR027749;,PF25556;PF03133;,found
Smp_173320,A0A5K4EYG2,A0A5K4EYG2_SCHMA,unreviewed,Tubulin tyrosine ligase-related,,Schistosoma mansoni (Blood fluke),,,cytoplasm [GO:0005737],,IPR057954;IPR004344;IPR027749;,PF25556;PF03133;,found
Smp_175880,G4LXD3,G4LXD3_SCHMA,unreviewed,CDKN2A interacting protein,,Schistosoma mansoni (Blood fluke),,,,,,,found
Smp_179390,G4V639,G4V639_SCHMA,unreviewed,Uncharacterized protein,,Schistosoma mansoni (Blood fluke),,,,,,,found
Smp_179970,C4QPM1,C4QPM1_SCHMA,unreviewed,Egg protein CP391S-like,,Schistosoma mansoni (Blood fluke),,,,,,,found
Smp_181080,A0A5K4EYF6,A0A5K4EYF6_SCHMA,unreviewed,Shb-like protein,,Schistosoma mansoni (Blood fluke),,phosphotyrosine residue binding [GO:0001784],,,IPR000980;IPR036860;IPR051846;,PF00017;,found
Smp_181080,A0A3Q0KUF0,A0A3Q0KUF0_SCHMA,unreviewed,Shb-like protein,,Schistosoma mansoni (Blood fluke),,phosphotyrosine residue binding [GO:0001784],,,IPR000980;IPR036860;IPR051846;,PF00017;,found
Smp_181730,C4QQC2,C4QQC2_SCHMA,unreviewed,Serine protease,,Schistosoma mansoni (Blood fluke),,,,,,,found
Smp_182600,C4QQL6,C4QQL6_SCHMA,unreviewed,Uncharacterized protein,,Schistosoma mansoni (Blood fluke),,,,,IPR008042;,PF05380;,found
Smp_193680,A0A3Q0KUA5,A0A3Q0KUA5_SCHMA,unreviewed,Venom allergen-like (VAL) 1 protein,,Schistosoma mansoni (Blood fluke),,,,,IPR014044;IPR035940;IPR001283;,PF00188;,found
Smp_194370,A0A3Q0KU66,A0A3Q0KU66_SCHMA,unreviewed,Putative vacuolar membrane protein pep11,,Schistosoma mansoni (Blood fluke),endosome organization [GO:0007032]; intracellular protein transport [GO:0006886]; organelle fusion [GO:0048284]; vacuole organization [GO:0007033]; vesicle docking involved in exocytosis [GO:0006904],protein-macromolecule adaptor activity [GO:0030674]; zinc ion binding [GO:0008270],HOPS complex [GO:0030897]; late endosome membrane [GO:0031902],,IPR057308;IPR000547;IPR057307;IPR036322;IPR001841;IPR013083;,PF23341;PF23356;,found
Smp_194370,A0A5K4EYU0,A0A5K4EYU0_SCHMA,unreviewed,Putative vacuolar membrane protein pep11,,Schistosoma mansoni (Blood fluke),endosome organization [GO:0007032]; intracellular protein transport [GO:0006886]; organelle fusion [GO:0048284]; vacuole organization [GO:0007033]; vesicle docking involved in exocytosis [GO:0006904],protein-macromolecule adaptor activity [GO:0030674]; zinc ion binding [GO:0008270],HOPS complex [GO:0030897]; late endosome membrane [GO:0031902],,IPR057308;IPR000547;IPR057307;IPR036322;IPR001841;IPR013083;,PF23341;PF23356;,found
Smp_196880,A0A3Q0KUG3,A0A3Q0KUG3_SCHMA,unreviewed,"Putative development and differentiation-enhancing factor, ddef",,Schistosoma mansoni (Blood fluke),,GTPase activator activity [GO:0005096]; zinc ion binding [GO:0008270],cytoplasm [GO:0005737],,IPR027267;IPR002110;IPR036770;IPR037278;IPR001164;IPR038508;IPR043593;IPR004148;IPR011993;IPR037844;IPR001849;IPR036028;IPR001452;,PF00023;PF01412;PF16746;PF00169;PF00018;,found
Smp_196880,A0A5K4EYX1,A0A5K4EYX1_SCHMA,unreviewed,"Putative development and differentiation-enhancing factor, ddef",,Schistosoma mansoni (Blood fluke),,GTPase activator activity [GO:0005096]; zinc ion binding [GO:0008270],cytoplasm [GO:0005737],,IPR027267;IPR002110;IPR036770;IPR037278;IPR001164;IPR038508;IPR043593;IPR004148;IPR011993;IPR037844;IPR001849;IPR036028;IPR001452;,PF00023;PF01412;PF16746;PF00169;PF00018;,found
Smp_200460,A0A3Q0KV49,A0A3Q0KV49_SCHMA,unreviewed,SCP domain-containing protein,,Schistosoma mansoni (Blood fluke),,,,,IPR014044;IPR035940;IPR001283;IPR034113;,PF00188;,found
Smp_203090,A0A3Q0KUW0,A0A3Q0KUW0_SCHMA,unreviewed,Smp_203090,,Schistosoma mansoni (Blood fluke),,,,,,,found
Smp_204040,G4VT59,G4VT59_SCHMA,unreviewed,Uncharacterized protein,,Schistosoma mansoni (Blood fluke),,,,,,,found
Smp_204370,G4LWY9,G4LWY9_SCHMA,unreviewed,Smp_204370,,Schistosoma mansoni (Blood fluke),,,,,,,found
Smp_204420,G4LXG4,G4LXG4_SCHMA,unreviewed,Smp_204420,,Schistosoma mansoni (Blood fluke),,,,,,,found
Smp_205300,A0A3Q0KV93,A0A3Q0KV93_SCHMA,unreviewed,Smp_205300,,Schistosoma mansoni (Blood fluke),,calcium ion binding [GO:0005509]; calcium-dependent phospholipid binding [GO:0005544],,,IPR037104;,,found
Smp_205300,A0A5K4EZK2,A0A5K4EZK2_SCHMA,unreviewed,Smp_205300,,Schistosoma mansoni (Blood fluke),,calcium ion binding [GO:0005509]; calcium-dependent phospholipid binding [GO:0005544],,,IPR037104;,,found
Smp_205710,G4M233,G4M233_SCHMA,unreviewed,Smp_205710,,Schistosoma mansoni (Blood fluke),,,,,,,found
Smp_210520,A0A3Q0KVK2,A0A3Q0KVK2_SCHMA,unreviewed,Putative tyrosyl-DNA phosphodiesterase,,Schistosoma mansoni (Blood fluke),regulation of cell cycle [GO:0051726],"DNA-binding transcription factor activity, RNA polymerase II-specific [GO:0000981]; RNA polymerase II transcription regulatory region sequence-specific DNA binding [GO:0000977]",nucleus [GO:0005634]; transcription regulator complex [GO:0005667],,IPR037241;IPR003316;IPR038168;IPR014889;IPR015648;IPR036388;IPR036390;,PF08781;PF02319;,found
Smp_211020,A0A5K4EZ05,A0A5K4EZ05_SCHMA,unreviewed,Lactadherin,,Schistosoma mansoni (Blood fluke),,,,,IPR000421;IPR008979;,PF00754;,found
Smp_211020,A0A3Q0KVK8,A0A3Q0KVK8_SCHMA,unreviewed,Lactadherin,,Schistosoma mansoni (Blood fluke),,,,,IPR000421;IPR008979;,PF00754;,found
Smp_212300,A0A5K4F0H2,A0A5K4F0H2_SCHMA,unreviewed,Uncharacterized protein,,Schistosoma mansoni (Blood fluke),signal transduction [GO:0007165],,,,IPR001478;IPR036034;IPR008936;IPR000198;,PF00595;PF00620;,found
Smp_212300,A0A3Q0KVB8,A0A3Q0KVB8_SCHMA,unreviewed,PDZ domain-containing protein,,Schistosoma mansoni (Blood fluke),signal transduction [GO:0007165],,,,IPR001478;IPR036034;IPR008936;IPR000198;,PF00595;PF00620;,found
Smp_212300,A0A5K4EZ59,A0A5K4EZ59_SCHMA,unreviewed,PDZ domain-containing protein,,Schistosoma mansoni (Blood fluke),signal transduction [GO:0007165],,,,IPR001478;IPR036034;IPR008936;IPR000198;,PF00595;PF00620;,found
Smp_213510,A0A5K4F296,A0A5K4F296_SCHMA,unreviewed,Protein FAM160B1,,Schistosoma mansoni (Blood fluke),,,,,,,found
Smp_213510,A0A5K4F0U5,A0A5K4F0U5_SCHMA,unreviewed,Protein FAM160B1,,Schistosoma mansoni (Blood fluke),,,,,,,found
Smp_242860,A0A5K4F114,A0A5K4F114_SCHMA,unreviewed,Trafficking protein particle complex subunit 8,,Schistosoma mansoni (Blood fluke),,,TRAPPIII protein complex [GO:1990072],,IPR058541;IPR058538;IPR024420;,PF24545;PF24544;PF12739;,found
Smp_242860,A0A5K4F1E8,A0A5K4F1E8_SCHMA,unreviewed,Trafficking protein particle complex subunit 8,,Schistosoma mansoni (Blood fluke),,,TRAPPIII protein complex [GO:1990072],,IPR058541;IPR058538;IPR024420;,PF24545;PF24544;PF12739;,found
Smp_244860,A0A5K4F1J5,A0A5K4F1J5_SCHMA,unreviewed,TLC domain-containing protein,,Schistosoma mansoni (Blood fluke),lipid homeostasis [GO:0055088],,endoplasmic reticulum [GO:0005783]; membrane [GO:0016020],,IPR006634;IPR050846;,PF03798;,found
Smp_245600,A0A5K4F0U2,A0A5K4F0U2_SCHMA,unreviewed,Anion exchange protein,,Schistosoma mansoni (Blood fluke),bicarbonate transport [GO:0015701]; monoatomic ion homeostasis [GO:0050801],monoatomic anion transmembrane transporter activity [GO:0008509]; solute:inorganic anion antiporter activity [GO:0005452],plasma membrane [GO:0005886],,IPR013769;IPR011531;IPR003020;IPR016152;,PF07565;PF00955;,found
Smp_245600,A0A5K4F3N9,A0A5K4F3N9_SCHMA,unreviewed,Anion exchange protein,,Schistosoma mansoni (Blood fluke),bicarbonate transport [GO:0015701]; monoatomic ion homeostasis [GO:0050801],monoatomic anion transmembrane transporter activity [GO:0008509]; solute:inorganic anion antiporter activity [GO:0005452],plasma membrane [GO:0005886],,IPR013769;IPR011531;IPR003020;IPR016152;,PF07565;PF00955;,found
Smp_246050,A0A5K4F227,A0A5K4F227_SCHMA,unreviewed,Vinculin,,Schistosoma mansoni (Blood fluke),cell adhesion [GO:0007155],actin filament binding [GO:0051015]; structural molecule activity [GO:0005198],actin cytoskeleton [GO:0015629]; adherens junction [GO:0005912]; plasma membrane [GO:0005886],,IPR036723;IPR017997;IPR006077;IPR000633;,PF01044;,found
Smp_246050,A0A5K4F3W2,A0A5K4F3W2_SCHMA,unreviewed,Vinculin,,Schistosoma mansoni (Blood fluke),cell adhesion [GO:0007155],actin filament binding [GO:0051015]; structural molecule activity [GO:0005198],actin cytoskeleton [GO:0015629]; adherens junction [GO:0005912]; plasma membrane [GO:0005886],,IPR036723;IPR017997;IPR006077;IPR000633;,PF01044;,found
Smp_246050,A0A5K4F0S4,A0A5K4F0S4_SCHMA,unreviewed,Vinculin,,Schistosoma mansoni (Blood fluke),cell adhesion [GO:0007155],actin filament binding [GO:0051015]; structural molecule activity [GO:0005198],actin cytoskeleton [GO:0015629]; adherens junction [GO:0005912]; plasma membrane [GO:0005886],,IPR036723;IPR017997;IPR006077;IPR000633;,PF01044;,found
Smp_246790,A0A5K4F0X5,A0A5K4F0X5_SCHMA,unreviewed,Ion_trans domain-containing protein (LSDAT_euk domain-containing protein),,Schistosoma mansoni (Blood fluke),metal ion transport [GO:0030001],monoatomic cation channel activity [GO:0005261],plasma membrane [GO:0005886],,IPR005821;IPR050927;IPR057366;IPR041491;,PF00520;PF18139;PF25969;PF25508;,found
Smp_246790,A0A5K4F2L0,A0A5K4F2L0_SCHMA,unreviewed,LSDAT_euk domain-containing protein,,Schistosoma mansoni (Blood fluke),,ligand-gated calcium channel activity [GO:0099604],plasma membrane [GO:0005886],,IPR050927;IPR041491;,PF18139;,found
Smp_246790,A0A5K4F2A4,A0A5K4F2A4_SCHMA,unreviewed,Ion_trans domain-containing protein,,Schistosoma mansoni (Blood fluke),,ligand-gated calcium channel activity [GO:0099604],plasma membrane [GO:0005886],,IPR005821;IPR050927;,PF00520;PF25969;,found
Smp_246970,A0A5K4F2C3,A0A5K4F2C3_SCHMA,unreviewed,Uncharacterized protein,,Schistosoma mansoni (Blood fluke),,,,,,,found
Smp_246970,A0A5K4F0Z4,A0A5K4F0Z4_SCHMA,unreviewed,Pleckstrin homology domain-containing family G member 7,,Schistosoma mansoni (Blood fluke),Rho protein signal transduction [GO:0007266],guanyl-nucleotide exchange factor activity [GO:0005085],,,IPR035899;IPR000219;IPR011993;IPR001849;IPR040181;,PF16652;PF00621;,found
Smp_246970,A0A5K4F185,A0A5K4F185_SCHMA,unreviewed,Pleckstrin homology domain-containing family G member 7,,Schistosoma mansoni (Blood fluke),Rho protein signal transduction [GO:0007266],guanyl-nucleotide exchange factor activity [GO:0005085],,,IPR035899;IPR000219;IPR011993;IPR001849;IPR040181;,PF16652;PF00621;,found
Smp_247660,A0A5K4F2X0,A0A5K4F2X0_SCHMA,unreviewed,Unique cartilage matrix-associated protein C-terminal fragment,,Schistosoma mansoni (Blood fluke),,,,,,,found
Smp_266830,A0A5K4F1P1,A0A5K4F1P1_SCHMA,unreviewed,SAM domain-containing protein,,Schistosoma mansoni (Blood fluke),negative regulation of DNA-templated transcription [GO:0045892],chromatin binding [GO:0003682]; histone binding [GO:0042393],nucleus [GO:0005634],,IPR050548;IPR001660;IPR013761;,PF00536;,found
Smp_266830,A0A5K4F1B8,A0A5K4F1B8_SCHMA,unreviewed,SAM domain-containing protein,,Schistosoma mansoni (Blood fluke),negative regulation of DNA-templated transcription [GO:0045892],chromatin binding [GO:0003682]; histone binding [GO:0042393],nucleus [GO:0005634],,IPR050548;IPR001660;IPR013761;,PF00536;,found
Smp_302040,A0A5K4F1Q7,A0A5K4F1Q7_SCHMA,unreviewed,Phorbol-ester/DAG-type domain-containing protein,,Schistosoma mansoni (Blood fluke),,,,,,,found
Smp_302040,A0A5K4F376,A0A5K4F376_SCHMA,unreviewed,Phorbol-ester/DAG-type domain-containing protein,,Schistosoma mansoni (Blood fluke),G protein-coupled receptor signaling pathway [GO:0007186],G protein-coupled receptor binding [GO:0001664]; guanyl-nucleotide exchange factor activity [GO:0005085],cytoplasm [GO:0005737],,IPR001478;IPR036034;,PF00595;,found
Smp_302040,A0A5K4F3L6,A0A5K4F3L6_SCHMA,unreviewed,Phorbol-ester/DAG-type domain-containing protein,,Schistosoma mansoni (Blood fluke),G protein-coupled receptor signaling pathway [GO:0007186],G protein-coupled receptor binding [GO:0001664]; guanyl-nucleotide exchange factor activity [GO:0005085],cytoplasm [GO:0005737],,IPR001478;IPR036034;,PF00595;,found
Smp_302270,A0A0R5RJC3,A0A0R5RJC3_SCHMA,unreviewed,Hsp20,,Schistosoma mansoni (Blood fluke),protein refolding [GO:0042026]; response to heat [GO:0009408],unfolded protein binding [GO:0051082],cytoplasm [GO:0005737]; nucleus [GO:0005634],,IPR002068;IPR001436;IPR008978;,PF00011;,found
Smp_302310,A0A5K4F1S1,A0A5K4F1S1_SCHMA,unreviewed,EGF-like domain-containing protein,,Schistosoma mansoni (Blood fluke),,,,,IPR000742;IPR000884;IPR036383;,PF00090;,found
Smp_302310,A0A5K4F246,A0A5K4F246_SCHMA,unreviewed,EGF-like domain-containing protein,,Schistosoma mansoni (Blood fluke),,,,,IPR000742;IPR000884;IPR036383;,PF00090;,found
Smp_302870,A0A5K4F1U9,A0A5K4F1U9_SCHMA,unreviewed,Uncharacterized protein,,Schistosoma mansoni (Blood fluke),,,,,,,found
Smp_304890,A0A5K4F5M0,A0A5K4F5M0_SCHMA,unreviewed,DUF3883 domain-containing protein,,Schistosoma mansoni (Blood fluke),,,,,IPR057731;,PF15253;,found
Smp_304890,A0A5K4F2K7,A0A5K4F2K7_SCHMA,unreviewed,DUF3883 domain-containing protein,,Schistosoma mansoni (Blood fluke),,,,,IPR057731;,PF15253;,found
Smp_309730,A0A5K4F2Z8,A0A5K4F2Z8_SCHMA,unreviewed,Uncharacterized protein,,Schistosoma mansoni (Blood fluke),,,,,,,found
Smp_309730,A0A5K4F4R7,A0A5K4F4R7_SCHMA,unreviewed,Uncharacterized protein,,Schistosoma mansoni (Blood fluke),,,,,,,found
Smp_310980,A0A5K4F4X7,A0A5K4F4X7_SCHMA,unreviewed,SANT domain-containing protein,,Schistosoma mansoni (Blood fluke),chromatin remodeling [GO:0006338]; regulation of transcription by RNA polymerase II [GO:0006357],chromatin binding [GO:0003682]; transcription coactivator activity [GO:0003713]; zinc ion binding [GO:0008270],nucleus [GO:0005634]; SAGA-type complex [GO:0070461],,IPR009057;IPR017930;IPR001005;IPR017884;IPR055141;IPR000433;,PF00249;PF22941;PF25299;,found
Smp_310980,A0AA82N0A7,A0AA82N0A7_SCHMA,unreviewed,SANT domain-containing protein,,Schistosoma mansoni (Blood fluke),chromatin remodeling [GO:0006338]; regulation of transcription by RNA polymerase II [GO:0006357],chromatin binding [GO:0003682]; transcription coactivator activity [GO:0003713]; zinc ion binding [GO:0008270],nucleus [GO:0005634]; SAGA-type complex [GO:0070461],,IPR009057;IPR017930;IPR001005;IPR017884;IPR055141;IPR000433;,PF00249;PF22941;PF25299;,found
Smp_312610,A0A5K4F550,A0A5K4F550_SCHMA,unreviewed,Monocyte to macrophage differentiation factor 2,,Schistosoma mansoni (Blood fluke),,,membrane [GO:0016020],,IPR004254;,PF03006;,found
Smp_312620,A0A5K4F5P2,A0A5K4F5P2_SCHMA,unreviewed,Uncharacterized protein,,Schistosoma mansoni (Blood fluke),,,membrane [GO:0016020],,IPR004254;,PF03006;,found
Smp_312620,A0A5K4F550,A0A5K4F550_SCHMA,unreviewed,Monocyte to macrophage differentiation factor 2,,Schistosoma mansoni (Blood fluke),,,membrane [GO:0016020],,IPR004254;,PF03006;,found
Smp_313630,A0A5K4F5D2,A0A5K4F5D2_SCHMA,unreviewed,Uncharacterized protein,,Schistosoma mansoni (Blood fluke),,,,,,,found
Smp_314280,A0A5K4F416,A0A5K4F416_SCHMA,unreviewed,Trafficking protein particle complex subunit 5,,Schistosoma mansoni (Blood fluke),endoplasmic reticulum to Golgi vesicle-mediated transport [GO:0006888],,endoplasmic reticulum [GO:0005783]; TRAPPI protein complex [GO:1990070]; TRAPPII protein complex [GO:1990071]; TRAPPIII protein complex [GO:1990072],FUNCTION: May play a role in vesicular transport from endoplasmic reticulum to Golgi. {ECO:0000256|PIRNR:PIRNR017479}.,IPR024096;IPR016696;IPR007194;,PF04051;,found
Smp_314280,A0A5K4F774,A0A5K4F774_SCHMA,unreviewed,Trafficking protein particle complex subunit 5,,Schistosoma mansoni (Blood fluke),endoplasmic reticulum to Golgi vesicle-mediated transport [GO:0006888],,endoplasmic reticulum [GO:0005783]; TRAPPI protein complex [GO:1990070]; TRAPPII protein complex [GO:1990071]; TRAPPIII protein complex [GO:1990072],,IPR024096;IPR016696;IPR007194;,PF04051;,found
Smp_316860,A0A5K4F8N9,A0A5K4F8N9_SCHMA,unreviewed,EF-hand domain-containing protein,,Schistosoma mansoni (Blood fluke),microtubule-based process [GO:0007017],calcium ion binding [GO:0005509],dynein complex [GO:0030286],,IPR037177;IPR001372;IPR011992;IPR002048;,PF01221;,found
Smp_316910,A0AA82N108,A0AA82N108_SCHMA,unreviewed,Uncharacterized protein,,Schistosoma mansoni (Blood fluke),,,,,,,found
Smp_317170,A0A5K4FDN7,A0A5K4FDN7_SCHMA,unreviewed,Peptidase S1 domain-containing protein,,Schistosoma mansoni (Blood fluke),proteolysis [GO:0006508],serine-type endopeptidase activity [GO:0004252],,,IPR009003;IPR043504;IPR051487;IPR001254;,PF00089;,found
Smp_317240,A0A5K4F6M4,A0A5K4F6M4_SCHMA,unreviewed,Glyco_hydro_5_C domain-containing protein,,Schistosoma mansoni (Blood fluke),carbohydrate derivative catabolic process [GO:1901136]; lipid catabolic process [GO:0016042],"hydrolase activity, hydrolyzing O-glycosyl compounds [GO:0004553]",,,IPR017853;IPR041036;IPR013780;IPR052066;,PF18564;,found
Smp_317510,A0A5K4F6P8,A0A5K4F6P8_SCHMA,unreviewed,UPF0506 domain-containing protein,,Schistosoma mansoni (Blood fluke),,,extracellular region [GO:0005576],,IPR021712;,PF11703;,found
Smp_318100,A0A5K4F6C0,A0A5K4F6C0_SCHMA,unreviewed,Peptidase S1 domain-containing protein,,Schistosoma mansoni (Blood fluke),proteolysis [GO:0006508],serine-type endopeptidase activity [GO:0004252],,,IPR009003;IPR043504;IPR001254;,PF00089;,found
Smp_319930,A0A5K4F5A1,A0A5K4F5A1_SCHMA,unreviewed,Secreted protein,,Schistosoma mansoni (Blood fluke),,,,,,,found
Smp_319970,A0A5K4F8N9,A0A5K4F8N9_SCHMA,unreviewed,EF-hand domain-containing protein,,Schistosoma mansoni (Blood fluke),microtubule-based process [GO:0007017],calcium ion binding [GO:0005509],dynein complex [GO:0030286],,IPR037177;IPR001372;IPR011992;IPR002048;,PF01221;,found
Smp_320100,A0A5K4F5A9,A0A5K4F5A9_SCHMA,unreviewed,UPAR/Ly6 domain-containing protein,,Schistosoma mansoni (Blood fluke),,,,,IPR045860;,,found
Smp_320200,A0A5K4F8P7,A0A5K4F8P7_SCHMA,unreviewed,Ras-domain-containing protein,,Schistosoma mansoni (Blood fluke),,GTP binding [GO:0005525]; GTPase activity [GO:0003924],,,IPR027417;IPR005225;IPR001806;,PF00071;,found
Smp_320400,A0A5K4F5C6,A0A5K4F5C6_SCHMA,unreviewed,Dynein light chain,,Schistosoma mansoni (Blood fluke),microtubule-based process [GO:0007017]; mRNA transport [GO:0051028]; protein transport [GO:0015031],dynein intermediate chain binding [GO:0045505],cytoplasmic dynein complex [GO:0005868]; microtubule [GO:0005874]; nucleus [GO:0005634],,IPR037177;IPR001372;,PF01221;,found
Smp_322350,A0A5K4FEL7,A0A5K4FEL7_SCHMA,unreviewed,Heparosan-N-sulfate-glucuronate 5-epimerase,,Schistosoma mansoni (Blood fluke),carbohydrate metabolic process [GO:0005975]; heparan sulfate proteoglycan biosynthetic process [GO:0015012]; heparin proteoglycan biosynthetic process [GO:0030210],heparosan-N-sulfate-glucuronate 5-epimerase activity [GO:0047464],Golgi apparatus [GO:0005794],,IPR008928;IPR010598;IPR039721;,PF06662;,found
Smp_322700,A0A5K4F5D6,A0A5K4F5D6_SCHMA,unreviewed,WD_REPEATS_REGION domain-containing protein,,Schistosoma mansoni (Blood fluke),proteasome-mediated ubiquitin-dependent protein catabolic process [GO:0043161]; protein polyubiquitination [GO:0000209]; transcription-coupled nucleotide-excision repair [GO:0006283],,Cul4A-RING E3 ubiquitin ligase complex [GO:0031464]; nucleotide-excision repair complex [GO:0000109],,IPR042238;IPR015943;IPR036322;IPR001680;,PF00400;,found
Smp_322700,A0A5K4F7D5,A0A5K4F7D5_SCHMA,unreviewed,WD_REPEATS_REGION domain-containing protein,,Schistosoma mansoni (Blood fluke),proteasome-mediated ubiquitin-dependent protein catabolic process [GO:0043161]; protein polyubiquitination [GO:0000209]; transcription-coupled nucleotide-excision repair [GO:0006283],,Cul4A-RING E3 ubiquitin ligase complex [GO:0031464]; nucleotide-excision repair complex [GO:0000109],,IPR042238;IPR015943;IPR036322;IPR001680;,PF00400;,found
Smp_322760,A0A5K4F7D9,A0A5K4F7D9_SCHMA,unreviewed,Uncharacterized protein,,Schistosoma mansoni (Blood fluke),,,,,,,found
Smp_323230,A0A5K4F9F3,A0A5K4F9F3_SCHMA,unreviewed,Secreted protein,,Schistosoma mansoni (Blood fluke),,,,,,,found
Smp_323250,A0A5K4F608,A0A5K4F608_SCHMA,unreviewed,Secreted protein,,Schistosoma mansoni (Blood fluke),,,,,,,found
Smp_323270,A0A5K4F608,A0A5K4F608_SCHMA,unreviewed,Secreted protein,,Schistosoma mansoni (Blood fluke),,,,,,,found
Smp_323270,A0A5K4F846,A0A5K4F846_SCHMA,unreviewed,Secreted protein,,Schistosoma mansoni (Blood fluke),,,,,,,found
Smp_323270,A0A5K4F5J3,A0A5K4F5J3_SCHMA,unreviewed,Uncharacterized protein,,Schistosoma mansoni (Blood fluke),,,,,,,found
Smp_323300,A0A5K4F9F3,A0A5K4F9F3_SCHMA,unreviewed,Secreted protein,,Schistosoma mansoni (Blood fluke),,,,,,,found
Smp_323320,A0A5K4F9G5,A0A5K4F9G5_SCHMA,unreviewed,Secreted protein,,Schistosoma mansoni (Blood fluke),,,,,,,found
Smp_323420,A0A5K4F5K4,A0A5K4F5K4_SCHMA,unreviewed,Ovule protein,,Schistosoma mansoni (Blood fluke),,,,,,,found
Smp_323440,A0A5K4F9I2,A0A5K4F9I2_SCHMA,unreviewed,Secreted protein,,Schistosoma mansoni (Blood fluke),,,,,,,found
Smp_326650,A0A5K4F898,A0A5K4F898_SCHMA,unreviewed,GRANULINS domain-containing protein,,Schistosoma mansoni (Blood fluke),,,,,,,found
Smp_326770,A0A5K4F8U3,A0A5K4F8U3_SCHMA,unreviewed,Uncharacterized protein,,Schistosoma mansoni (Blood fluke),,,,,,,found
Smp_326770,A0A5K4F6Q8,A0A5K4F6Q8_SCHMA,unreviewed,Uncharacterized protein,,Schistosoma mansoni (Blood fluke),,,,,,,found
Smp_326770,A0A5K4FAA9,A0A5K4FAA9_SCHMA,unreviewed,Uncharacterized protein,,Schistosoma mansoni (Blood fluke),,,,,,,found
Smp_327370,A0A5K4F8G0,A0A5K4F8G0_SCHMA,unreviewed,Uncharacterized protein,,Schistosoma mansoni (Blood fluke),,,,,,,found
Smp_327460,A0A5K4F6W7,A0A5K4F6W7_SCHMA,unreviewed,G-patch domain-containing protein,,Schistosoma mansoni (Blood fluke),,nucleic acid binding [GO:0003676],,,IPR000467;,PF01585;,found
Smp_328360,A0A5K4F6J5,A0A5K4F6J5_SCHMA,unreviewed,CARD domain-containing protein,,Schistosoma mansoni (Blood fluke),,,,,IPR040760;IPR048377;,PF17819;,found
Smp_328440,A0A5K4F8P2,A0A5K4F8P2_SCHMA,unreviewed,BPTI/Kunitz inhibitor domain-containing protein,,Schistosoma mansoni (Blood fluke),,serine-type endopeptidase inhibitor activity [GO:0004867],extracellular space [GO:0005615],,IPR002223;IPR036880;IPR050098;,PF00014;,found
Smp_328620,A0A5K4F9A4,A0A5K4F9A4_SCHMA,unreviewed,Ovule protein,,Schistosoma mansoni (Blood fluke),,,,,,,found
Smp_328620,A0A5K4F8R0,A0A5K4F8R0_SCHMA,unreviewed,Ovule protein,,Schistosoma mansoni (Blood fluke),,,,,,,found
Smp_328910,A0AA82N2W9,A0AA82N2W9_SCHMA,unreviewed,Uncharacterized protein,,Schistosoma mansoni (Blood fluke),,,,,,,found
Smp_330270,A0A5K4FDN7,A0A5K4FDN7_SCHMA,unreviewed,Peptidase S1 domain-containing protein,,Schistosoma mansoni (Blood fluke),proteolysis [GO:0006508],serine-type endopeptidase activity [GO:0004252],,,IPR009003;IPR043504;IPR051487;IPR001254;,PF00089;,found
Smp_331170,A0A5K4FA37,A0A5K4FA37_SCHMA,unreviewed,GPI inositol-deacylase (EC 3.1.-.-),,Schistosoma mansoni (Blood fluke),endoplasmic reticulum to Golgi vesicle-mediated transport [GO:0006888]; GPI anchor metabolic process [GO:0006505]; protein transport [GO:0015031],phosphatidylinositol deacylase activity [GO:0050185],endoplasmic reticulum membrane [GO:0005789],FUNCTION: Involved in inositol deacylation of GPI-anchored proteins which plays important roles in the quality control and ER-associated degradation of GPI-anchored proteins. {ECO:0000256|RuleBase:RU365011}.,IPR029058;IPR012908;IPR039529;,PF07819;PF24660;,found
Smp_331170,A0A5K4FBH1,A0A5K4FBH1_SCHMA,unreviewed,GPI inositol-deacylase (EC 3.1.-.-),,Schistosoma mansoni (Blood fluke),endoplasmic reticulum to Golgi vesicle-mediated transport [GO:0006888]; GPI anchor metabolic process [GO:0006505]; protein transport [GO:0015031],phosphatidylinositol deacylase activity [GO:0050185],endoplasmic reticulum membrane [GO:0005789],FUNCTION: Involved in inositol deacylation of GPI-anchored proteins which plays important roles in the quality control and ER-associated degradation of GPI-anchored proteins. {ECO:0000256|RuleBase:RU365011}.,IPR029058;IPR012908;IPR039529;,PF07819;PF24660;,found
Smp_331190,A0A5K4F7A8,A0A5K4F7A8_SCHMA,unreviewed,Uncharacterized protein,,Schistosoma mansoni (Blood fluke),,,,,,,found
Smp_331370,A0A5K4FA57,A0A5K4FA57_SCHMA,unreviewed,Uncharacterized protein,,Schistosoma mansoni (Blood fluke),,,,,,,found
Smp_331380,A0A5K4FBJ2,A0A5K4FBJ2_SCHMA,unreviewed,Secreted protein,,Schistosoma mansoni (Blood fluke),,,,,,,found
Smp_331440,A0A5K4FA63,A0A5K4FA63_SCHMA,unreviewed,UPF0506 domain-containing protein,,Schistosoma mansoni (Blood fluke),,,extracellular region [GO:0005576],,IPR021712;,PF11703;,found
Smp_332600,A0A5K4F9S9,A0A5K4F9S9_SCHMA,unreviewed,MAM domain-containing protein,,Schistosoma mansoni (Blood fluke),,,membrane [GO:0016020],,IPR000998;,,found
Smp_332600,A0A5K4FAJ4,A0A5K4FAJ4_SCHMA,unreviewed,MAM domain-containing protein,,Schistosoma mansoni (Blood fluke),,,,,,,found
Smp_332600,A0A5K4FBY4,A0A5K4FBY4_SCHMA,unreviewed,MAM domain-containing protein,,Schistosoma mansoni (Blood fluke),,,membrane [GO:0016020],,IPR013320;IPR000998;,PF00629;,found
Smp_332780,A0A5K4FC06,A0A5K4FC06_SCHMA,unreviewed,Myb/SANT-like DNA-binding domain-containing protein,,Schistosoma mansoni (Blood fluke),,,,,IPR028002;,PF13873;,found
Smp_332910,A0A5K4F8D2,A0A5K4F8D2_SCHMA,unreviewed,ANK_REP_REGION domain-containing protein,,Schistosoma mansoni (Blood fluke),signal transduction [GO:0007165],,cytoskeleton [GO:0005856]; membrane [GO:0016020],,IPR002110;IPR036770;IPR040745;IPR011029;IPR000488;IPR051165;IPR000906;,PF00023;PF12796;PF00531;PF17809;PF00791;,found
Smp_332910,A0A5K4F7T5,A0A5K4F7T5_SCHMA,unreviewed,ANK_REP_REGION domain-containing protein,,Schistosoma mansoni (Blood fluke),signal transduction [GO:0007165],,cytoskeleton [GO:0005856]; membrane [GO:0016020],,IPR002110;IPR036770;IPR040745;IPR011029;IPR000488;IPR051165;IPR000906;,PF00023;PF12796;PF00531;PF17809;PF00791;,found
Smp_335110,G4LZG1,G4LZG1_SCHMA,unreviewed,"Short chain dehydrogenase,putative",,Schistosoma mansoni (Blood fluke),,oxidoreductase activity [GO:0016491],,,IPR036291;IPR002347;,PF00106;,found
Smp_335135,A0AA82N4D5,A0AA82N4D5_SCHMA,unreviewed,Uncharacterized protein,,Schistosoma mansoni (Blood fluke),,,,,,,found
Smp_335370,A0A5K4FAR7,A0A5K4FAR7_SCHMA,unreviewed,Saposin B-type domain-containing protein,,Schistosoma mansoni (Blood fluke),,,,,IPR011001;IPR008139;,,found
Smp_335380,A0A5K4FBL4,A0A5K4FBL4_SCHMA,unreviewed,Uncharacterized protein,,Schistosoma mansoni (Blood fluke),,,,,,,found
Smp_335670,A0A5K4FAU7,A0A5K4FAU7_SCHMA,unreviewed,Kinesin motor domain-containing protein,,Schistosoma mansoni (Blood fluke),microtubule-based movement [GO:0007018],ATP binding [GO:0005524]; microtubule binding [GO:0008017]; microtubule motor activity [GO:0003777],,,IPR001752;IPR036961;IPR027417;,,found
Smp_335785,A0AA82N571,A0AA82N571_SCHMA,unreviewed,Uncharacterized protein,,Schistosoma mansoni (Blood fluke),,,,,,,found
Smp_336310,A0A5K4FBV5,A0A5K4FBV5_SCHMA,unreviewed,Midasin,,Schistosoma mansoni (Blood fluke),,,,,IPR007858;IPR049630;,PF05186;,found
Smp_336340,A0A5K4F9L5,A0A5K4F9L5_SCHMA,unreviewed,TNF receptor-associated factor,,Schistosoma mansoni (Blood fluke),regulation of apoptotic process [GO:0042981]; regulation of canonical NF-kappaB signal transduction [GO:0043122]; signal transduction [GO:0007165],zinc ion binding [GO:0008270],cytoplasm [GO:0005737],,IPR002083;IPR012227;IPR008974;IPR049342;IPR001841;IPR013083;IPR001293;,PF21355;PF02176;,found
Smp_336340,A0A5K4FB15,A0A5K4FB15_SCHMA,unreviewed,TNF receptor-associated factor 4,,Schistosoma mansoni (Blood fluke),regulation of apoptotic process [GO:0042981]; regulation of canonical NF-kappaB signal transduction [GO:0043122]; signal transduction [GO:0007165],zinc ion binding [GO:0008270],cytoplasm [GO:0005737],,IPR002083;IPR012227;IPR008974;IPR049342;IPR001841;IPR013083;IPR001293;,PF21355;PF02176;,found
Smp_337670,A0A5K4FDQ6,A0A5K4FDQ6_SCHMA,unreviewed,A2M domain-containing protein,,Schistosoma mansoni (Blood fluke),,,,,,,found
Smp_340300,A0A5K4FBQ1,A0A5K4FBQ1_SCHMA,unreviewed,Ribosomal protein S6 kinase (EC 2.7.11.1),,Schistosoma mansoni (Blood fluke),intracellular signal transduction [GO:0035556],ATP binding [GO:0005524]; magnesium ion binding [GO:0000287]; protein serine kinase activity [GO:0106310]; protein serine/threonine kinase activity [GO:0004674],,,IPR000961;IPR011009;IPR017892;IPR000719;IPR017441;IPR016239;IPR041906;IPR008271;,PF00069;PF00433;,found
Smp_340300,A0A5K4FCM6,A0A5K4FCM6_SCHMA,unreviewed,Ribosomal protein S6 kinase (EC 2.7.11.1),,Schistosoma mansoni (Blood fluke),intracellular signal transduction [GO:0035556],ATP binding [GO:0005524]; magnesium ion binding [GO:0000287]; protein serine kinase activity [GO:0106310]; protein serine/threonine kinase activity [GO:0004674],,,IPR000961;IPR011009;IPR017892;IPR000719;IPR017441;IPR016239;IPR041906;IPR008271;,PF00069;PF00433;,found
Smp_340430,A0A5K4F9J3,A0A5K4F9J3_SCHMA,unreviewed,DRBM domain-containing protein,,Schistosoma mansoni (Blood fluke),regulation of regulatory ncRNA processing [GO:0070920]; siRNA processing [GO:0030422],double-stranded RNA binding [GO:0003725]; siRNA binding [GO:0035197],cytoplasm [GO:0005737]; nucleus [GO:0005634]; RISC complex [GO:0016442]; RISC-loading complex [GO:0070578],,IPR014720;IPR051247;,PF00035;,found
Smp_341160,A0A5K4F9S5,A0A5K4F9S5_SCHMA,unreviewed,receptor protein-tyrosine kinase (EC 2.7.10.1),,Schistosoma mansoni (Blood fluke),cell surface receptor protein tyrosine kinase signaling pathway [GO:0007169],ATP binding [GO:0005524]; metal ion binding [GO:0046872]; transmembrane receptor protein tyrosine kinase activity [GO:0004714],plasma membrane [GO:0005886]; receptor complex [GO:0043235],,IPR003961;IPR036116;IPR006211;IPR006212;IPR009030;IPR013783;IPR011009;IPR000719;IPR000494;IPR036941;IPR050122;IPR001245;IPR008266;IPR020635;,PF00757;PF07714;PF01030;,found
Smp_341160,A0A5K4FC22,A0A5K4FC22_SCHMA,unreviewed,receptor protein-tyrosine kinase (EC 2.7.10.1),,Schistosoma mansoni (Blood fluke),cell surface receptor protein tyrosine kinase signaling pathway [GO:0007169],ATP binding [GO:0005524]; metal ion binding [GO:0046872]; transmembrane receptor protein tyrosine kinase activity [GO:0004714],plasma membrane [GO:0005886]; receptor complex [GO:0043235],,IPR003961;IPR036116;IPR006211;IPR006212;IPR009030;IPR013783;IPR011009;IPR000719;IPR000494;IPR036941;IPR050122;IPR001245;IPR008266;IPR020635;,PF00757;PF07714;PF01030;,found
Smp_341200,A0A5K4FC28,A0A5K4FC28_SCHMA,unreviewed,LisH domain-containing protein,,Schistosoma mansoni (Blood fluke),microtubule anchoring [GO:0034453],,centrosome [GO:0005813],,IPR018993;,PF09398;,found
Smp_341200,A0A5K4FD06,A0A5K4FD06_SCHMA,unreviewed,LisH domain-containing protein,,Schistosoma mansoni (Blood fluke),microtubule anchoring [GO:0034453],,microtubule organizing center [GO:0005815],,IPR018993;,PF09398;,found
Smp_343170,A0A5K4FB85,A0A5K4FB85_SCHMA,unreviewed,L-serine ammonia-lyase (EC 4.3.1.17) (L-serine deaminase) (L-threonine dehydratase),,Schistosoma mansoni (Blood fluke),isoleucine biosynthetic process [GO:0009097]; L-serine catabolic process [GO:0006565]; L-threonine catabolic process [GO:0006567],L-serine ammonia-lyase activity [GO:0003941]; pyridoxal phosphate binding [GO:0030170]; threonine deaminase activity [GO:0004794],,,IPR044561;IPR050147;IPR000634;IPR001926;IPR036052;,PF00291;,found
Smp_345290,A0A5K4FFZ8,A0A5K4FFZ8_SCHMA,unreviewed,Prp31_C domain-containing protein,,Schistosoma mansoni (Blood fluke),spliceosomal tri-snRNP complex assembly [GO:0000244],,precatalytic spliceosome [GO:0071011]; U4 snRNP [GO:0005687]; U4/U6 x U5 tri-snRNP complex [GO:0046540],,IPR027105;IPR019175;,PF09785;,found
Smp_345970,A0A5K4FGA9,A0A5K4FGA9_SCHMA,unreviewed,BHLH domain-containing protein,,Schistosoma mansoni (Blood fluke),,"DNA-binding transcription factor activity, RNA polymerase II-specific [GO:0000981]; protein dimerization activity [GO:0046983]; RNA polymerase II cis-regulatory region sequence-specific DNA binding [GO:0000978]",nucleus [GO:0005634],,IPR011598;IPR036638;IPR051732;,PF00010;,found
Smp_345970,A0A5K4FCD3,A0A5K4FCD3_SCHMA,unreviewed,BHLH domain-containing protein,,Schistosoma mansoni (Blood fluke),,"DNA-binding transcription factor activity, RNA polymerase II-specific [GO:0000981]; protein dimerization activity [GO:0046983]; RNA polymerase II cis-regulatory region sequence-specific DNA binding [GO:0000978]",nucleus [GO:0005634],,IPR011598;IPR036638;IPR051732;,PF00010;,found
Smp_346380,A0A5K4FGH3,A0A5K4FGH3_SCHMA,unreviewed,oxaloacetate tautomerase (EC 5.3.2.2) (Fumarylacetoacetate hydrolase domain-containing protein 1),,Schistosoma mansoni (Blood fluke),,acetylpyruvate hydrolase activity [GO:0018773]; metal ion binding [GO:0046872]; oxaloacetate tautomerase activity [GO:0050163],,,IPR011234;IPR036663;,PF01557;,found
Smp_346380,A0A5K4FF65,A0A5K4FF65_SCHMA,unreviewed,oxaloacetate tautomerase (EC 5.3.2.2) (Fumarylacetoacetate hydrolase domain-containing protein 1),,Schistosoma mansoni (Blood fluke),,acetylpyruvate hydrolase activity [GO:0018773]; metal ion binding [GO:0046872]; oxaloacetate tautomerase activity [GO:0050163],mitochondrion [GO:0005739],,IPR011234;IPR036663;,PF01557;,found
Smp_346960,A0A5K4FCR3,A0A5K4FCR3_SCHMA,unreviewed,Secreted protein,,Schistosoma mansoni (Blood fluke),,,,,,,found
Smp_347490,A0A5K4FFM7,A0A5K4FFM7_SCHMA,unreviewed,Uncharacterized protein,,Schistosoma mansoni (Blood fluke),,,,,,,found
Smp_347540,A0A5K4FC65,A0A5K4FC65_SCHMA,unreviewed,Glycosyltransferase-like protein LARGE1,,Schistosoma mansoni (Blood fluke),protein O-linked glycosylation via mannose [GO:0035269],glucuronosyltransferase activity [GO:0015020]; xylosyltransferase activity [GO:0042285],Golgi membrane [GO:0000139],,IPR002495;IPR029044;IPR051292;,PF01501;,found
Smp_347540,A0A5K4FCZ3,A0A5K4FCZ3_SCHMA,unreviewed,Glycosyltransferase-like protein LARGE1,,Schistosoma mansoni (Blood fluke),protein O-linked glycosylation via mannose [GO:0035269],glucuronosyltransferase activity [GO:0015020]; xylosyltransferase activity [GO:0042285],Golgi membrane [GO:0000139],,IPR002495;IPR029044;IPR051292;,PF01501;,found
Smp_347560,A0A5K4FFN8,A0A5K4FFN8_SCHMA,unreviewed,DNA repair protein RAD51 homolog 3,,Schistosoma mansoni (Blood fluke),meiotic DNA recombinase assembly [GO:0000707]; reciprocal meiotic recombination [GO:0007131],ATP binding [GO:0005524]; ATP-dependent DNA damage sensor activity [GO:0140664]; crossover junction DNA endonuclease activity [GO:0008821]; four-way junction DNA binding [GO:0000400],Rad51B-Rad51C-Rad51D-XRCC2 complex [GO:0033063]; Rad51C-XRCC3 complex [GO:0033065]; replication fork [GO:0005657],,IPR016467;IPR052093;IPR027417;IPR013632;IPR020588;,PF08423;,found
Smp_347900,A0A5K4FFS4,A0A5K4FFS4_SCHMA,unreviewed,Uncharacterized protein,,Schistosoma mansoni (Blood fluke),,,,,,,found
Smp_348100,A0A913KWJ3,A0A913KWJ3_SCHMA,unreviewed,Metallothionein,,Schistosoma mansoni (Blood fluke),,,,,,,found
Smp_348240,A0A913KWJ7,A0A913KWJ7_SCHMA,unreviewed,Uncharacterized protein,,Schistosoma mansoni (Blood fluke),,,,,,,found
Smp_348790,A0AA82N7Q5,A0AA82N7Q5_SCHMA,unreviewed,Splicing factor U2AF subunit (U2 snRNP auxiliary factor large subunit),,Schistosoma mansoni (Blood fluke),mRNA processing [GO:0006397]; RNA splicing [GO:0008380],RNA binding [GO:0003723],nucleus [GO:0005634],FUNCTION: Necessary for the splicing of pre-mRNA. {ECO:0000256|RuleBase:RU364135}.,IPR012677;IPR035979;IPR000504;IPR006529;,PF00076;,found
Smp_348840,A0A913KVM2,A0A913KVM2_SCHMA,unreviewed,RRM domain-containing protein,,Schistosoma mansoni (Blood fluke),,poly(A) binding [GO:0008143],nucleus [GO:0005634],,IPR012677;IPR035979;IPR000504;,PF00076;,found
Smp_348840,A0A913KUT4,A0A913KUT4_SCHMA,unreviewed,RRM domain-containing protein,,Schistosoma mansoni (Blood fluke),"nuclear-transcribed mRNA catabolic process, deadenylation-dependent decay [GO:0000288]",poly(A) binding [GO:0008143],cytoplasm [GO:0005737]; nucleus [GO:0005634],,IPR012677;IPR035979;IPR000504;,PF00076;,found
